省份,地区代码,年份,数据集,指标,数值,单位
北京,110000000000,2024,企业信息化及电子商务情况,每百人使用计算机数 (台),80,台
北京,110000000000,2024,企业信息化及电子商务情况,每百家企业拥有网站数 (个),46,个
北京,110000000000,2024,企业信息化及电子商务情况,有电子商务交易活动的企业数 (个),11528,个
北京,110000000000,2024,企业信息化及电子商务情况,电子商务销售额 (亿元),46980.2,亿元
北京,110000000000,2024,企业信息化及电子商务情况,电子商务采购额 (亿元),25352.8,亿元
北京,110000000000,2023,企业信息化及电子商务情况,每百人使用计算机数 (台),78,台
北京,110000000000,2023,企业信息化及电子商务情况,每百家企业拥有网站数 (个),52,个
北京,110000000000,2023,企业信息化及电子商务情况,有电子商务交易活动的企业数 (个),10415,个
北京,110000000000,2023,企业信息化及电子商务情况,有电子商务交易活动的企业数比重 (%),23.6,%
北京,110000000000,2023,企业信息化及电子商务情况,电子商务销售额 (亿元),42301.7,亿元
北京,110000000000,2023,企业信息化及电子商务情况,电子商务采购额 (亿元),22713.0,亿元
北京,110000000000,2022,企业信息化及电子商务情况,每百人使用计算机数 (台),81,台
北京,110000000000,2022,企业信息化及电子商务情况,每百家企业拥有网站数 (个),54,个
北京,110000000000,2022,企业信息化及电子商务情况,有电子商务交易活动的企业数 (个),10061,个
北京,110000000000,2022,企业信息化及电子商务情况,有电子商务交易活动的企业数比重 (%),24.7,%
北京,110000000000,2022,企业信息化及电子商务情况,电子商务销售额 (亿元),36792.5,亿元
北京,110000000000,2022,企业信息化及电子商务情况,电子商务采购额 (亿元),21284.9,亿元
北京,110000000000,2021,企业信息化及电子商务情况,每百人使用计算机数 (台),80,台
北京,110000000000,2021,企业信息化及电子商务情况,每百家企业拥有网站数 (个),57,个
北京,110000000000,2021,企业信息化及电子商务情况,有电子商务交易活动的企业数 (个),9263,个
北京,110000000000,2021,企业信息化及电子商务情况,有电子商务交易活动的企业数比重 (%),23.5,%
北京,110000000000,2021,企业信息化及电子商务情况,电子商务销售额 (亿元),31239.8,亿元
北京,110000000000,2021,企业信息化及电子商务情况,电子商务采购额 (亿元),16856.2,亿元
北京,110000000000,2020,企业信息化及电子商务情况,每百人使用计算机数 (台),77,台
北京,110000000000,2020,企业信息化及电子商务情况,每百家企业拥有网站数 (个),58,个
北京,110000000000,2020,企业信息化及电子商务情况,有电子商务交易活动的企业数 (个),8877,个
北京,110000000000,2020,企业信息化及电子商务情况,有电子商务交易活动的企业数比重 (%),22.8,%
北京,110000000000,2020,企业信息化及电子商务情况,电子商务销售额 (亿元),25831.8,亿元
北京,110000000000,2020,企业信息化及电子商务情况,电子商务采购额 (亿元),15296.4,亿元
北京,110000000000,2019,企业信息化及电子商务情况,每百人使用计算机数 (台),72,台
北京,110000000000,2019,企业信息化及电子商务情况,每百家企业拥有网站数 (个),58,个
北京,110000000000,2019,企业信息化及电子商务情况,有电子商务交易活动的企业数 (个),8516,个
北京,110000000000,2019,企业信息化及电子商务情况,有电子商务交易活动的企业数比重 (%),22.2,%
北京,110000000000,2019,企业信息化及电子商务情况,电子商务销售额 (亿元),23235.9,亿元
北京,110000000000,2019,企业信息化及电子商务情况,电子商务采购额 (亿元),13420.5,亿元
北京,110000000000,2018,企业信息化及电子商务情况,每百人使用计算机数 (台),70,台
北京,110000000000,2018,企业信息化及电子商务情况,每百家企业拥有网站数 (个),64,个
北京,110000000000,2018,企业信息化及电子商务情况,有电子商务交易活动的企业数 (个),6536,个
北京,110000000000,2018,企业信息化及电子商务情况,有电子商务交易活动的企业数比重 (%),20.7,%
北京,110000000000,2018,企业信息化及电子商务情况,电子商务销售额 (亿元),18261.2,亿元
北京,110000000000,2018,企业信息化及电子商务情况,电子商务采购额 (亿元),10623.6,亿元
北京,110000000000,2017,企业信息化及电子商务情况,每百人使用计算机数 (台),67,台
北京,110000000000,2017,企业信息化及电子商务情况,每百家企业拥有网站数 (个),65,个
北京,110000000000,2017,企业信息化及电子商务情况,有电子商务交易活动的企业数 (个),6028,个
北京,110000000000,2017,企业信息化及电子商务情况,有电子商务交易活动的企业数比重 (%),19.0,%
北京,110000000000,2017,企业信息化及电子商务情况,电子商务销售额 (亿元),18385.7,亿元
北京,110000000000,2017,企业信息化及电子商务情况,电子商务采购额 (亿元),11055.8,亿元
北京,110000000000,2016,企业信息化及电子商务情况,每百人使用计算机数 (台),66,台
北京,110000000000,2016,企业信息化及电子商务情况,每百家企业拥有网站数 (个),64,个
北京,110000000000,2016,企业信息化及电子商务情况,有电子商务交易活动的企业数 (个),5661,个
北京,110000000000,2016,企业信息化及电子商务情况,有电子商务交易活动的企业数比重 (%),18.0,%
北京,110000000000,2016,企业信息化及电子商务情况,电子商务销售额 (亿元),12026.7,亿元
北京,110000000000,2016,企业信息化及电子商务情况,电子商务采购额 (亿元),9340.6,亿元
北京,110000000000,2015,企业信息化及电子商务情况,每百人使用计算机数 (台),62,台
北京,110000000000,2015,企业信息化及电子商务情况,每百家企业拥有网站数 (个),63,个
北京,110000000000,2015,企业信息化及电子商务情况,有电子商务交易活动的企业数 (个),5350,个
北京,110000000000,2015,企业信息化及电子商务情况,有电子商务交易活动的企业数比重 (%),17.1,%
北京,110000000000,2015,企业信息化及电子商务情况,电子商务销售额 (亿元),10530.5,亿元
北京,110000000000,2015,企业信息化及电子商务情况,电子商务采购额 (亿元),9534.1,亿元
天津,120000000000,2024,企业信息化及电子商务情况,每百人使用计算机数 (台),49,台
天津,120000000000,2024,企业信息化及电子商务情况,每百家企业拥有网站数 (个),25,个
天津,120000000000,2024,企业信息化及电子商务情况,有电子商务交易活动的企业数 (个),2619,个
天津,120000000000,2024,企业信息化及电子商务情况,电子商务销售额 (亿元),8126.2,亿元
天津,120000000000,2024,企业信息化及电子商务情况,电子商务采购额 (亿元),3920.4,亿元
天津,120000000000,2023,企业信息化及电子商务情况,每百人使用计算机数 (台),48,台
天津,120000000000,2023,企业信息化及电子商务情况,每百家企业拥有网站数 (个),32,个
天津,120000000000,2023,企业信息化及电子商务情况,有电子商务交易活动的企业数 (个),2553,个
天津,120000000000,2023,企业信息化及电子商务情况,有电子商务交易活动的企业数比重 (%),9.6,%
天津,120000000000,2023,企业信息化及电子商务情况,电子商务销售额 (亿元),8267.5,亿元
天津,120000000000,2023,企业信息化及电子商务情况,电子商务采购额 (亿元),4556.8,亿元
天津,120000000000,2022,企业信息化及电子商务情况,每百人使用计算机数 (台),45,台
天津,120000000000,2022,企业信息化及电子商务情况,每百家企业拥有网站数 (个),32,个
天津,120000000000,2022,企业信息化及电子商务情况,有电子商务交易活动的企业数 (个),1982,个
天津,120000000000,2022,企业信息化及电子商务情况,有电子商务交易活动的企业数比重 (%),7.8,%
天津,120000000000,2022,企业信息化及电子商务情况,电子商务销售额 (亿元),6974.9,亿元
天津,120000000000,2022,企业信息化及电子商务情况,电子商务采购额 (亿元),4385.8,亿元
天津,120000000000,2021,企业信息化及电子商务情况,每百人使用计算机数 (台),45,台
天津,120000000000,2021,企业信息化及电子商务情况,每百家企业拥有网站数 (个),39,个
天津,120000000000,2021,企业信息化及电子商务情况,有电子商务交易活动的企业数 (个),1726,个
天津,120000000000,2021,企业信息化及电子商务情况,有电子商务交易活动的企业数比重 (%),7.3,%
天津,120000000000,2021,企业信息化及电子商务情况,电子商务销售额 (亿元),5403.4,亿元
天津,120000000000,2021,企业信息化及电子商务情况,电子商务采购额 (亿元),2437.5,亿元
天津,120000000000,2020,企业信息化及电子商务情况,每百人使用计算机数 (台),43,台
天津,120000000000,2020,企业信息化及电子商务情况,每百家企业拥有网站数 (个),40,个
天津,120000000000,2020,企业信息化及电子商务情况,有电子商务交易活动的企业数 (个),1441,个
天津,120000000000,2020,企业信息化及电子商务情况,有电子商务交易活动的企业数比重 (%),6.8,%
天津,120000000000,2020,企业信息化及电子商务情况,电子商务销售额 (亿元),4342.0,亿元
天津,120000000000,2020,企业信息化及电子商务情况,电子商务采购额 (亿元),2404.0,亿元
天津,120000000000,2019,企业信息化及电子商务情况,每百人使用计算机数 (台),39,台
天津,120000000000,2019,企业信息化及电子商务情况,每百家企业拥有网站数 (个),43,个
天津,120000000000,2019,企业信息化及电子商务情况,有电子商务交易活动的企业数 (个),1420,个
天津,120000000000,2019,企业信息化及电子商务情况,有电子商务交易活动的企业数比重 (%),7.3,%
天津,120000000000,2019,企业信息化及电子商务情况,电子商务销售额 (亿元),3226.3,亿元
天津,120000000000,2019,企业信息化及电子商务情况,电子商务采购额 (亿元),2346.4,亿元
天津,120000000000,2018,企业信息化及电子商务情况,每百人使用计算机数 (台),37,台
天津,120000000000,2018,企业信息化及电子商务情况,每百家企业拥有网站数 (个),47,个
天津,120000000000,2018,企业信息化及电子商务情况,有电子商务交易活动的企业数 (个),1103,个
天津,120000000000,2018,企业信息化及电子商务情况,有电子商务交易活动的企业数比重 (%),6.6,%
天津,120000000000,2018,企业信息化及电子商务情况,电子商务销售额 (亿元),3106.0,亿元
天津,120000000000,2018,企业信息化及电子商务情况,电子商务采购额 (亿元),1906.3,亿元
天津,120000000000,2017,企业信息化及电子商务情况,每百人使用计算机数 (台),37,台
天津,120000000000,2017,企业信息化及电子商务情况,每百家企业拥有网站数 (个),52,个
天津,120000000000,2017,企业信息化及电子商务情况,有电子商务交易活动的企业数 (个),1122,个
天津,120000000000,2017,企业信息化及电子商务情况,有电子商务交易活动的企业数比重 (%),6.6,%
天津,120000000000,2017,企业信息化及电子商务情况,电子商务销售额 (亿元),2629.4,亿元
天津,120000000000,2017,企业信息化及电子商务情况,电子商务采购额 (亿元),1766.4,亿元
天津,120000000000,2016,企业信息化及电子商务情况,每百人使用计算机数 (台),33,台
天津,120000000000,2016,企业信息化及电子商务情况,每百家企业拥有网站数 (个),53,个
天津,120000000000,2016,企业信息化及电子商务情况,有电子商务交易活动的企业数 (个),1575,个
天津,120000000000,2016,企业信息化及电子商务情况,有电子商务交易活动的企业数比重 (%),8.4,%
天津,120000000000,2016,企业信息化及电子商务情况,电子商务销售额 (亿元),3035.0,亿元
天津,120000000000,2016,企业信息化及电子商务情况,电子商务采购额 (亿元),1434.8,亿元
天津,120000000000,2015,企业信息化及电子商务情况,每百人使用计算机数 (台),31,台
天津,120000000000,2015,企业信息化及电子商务情况,每百家企业拥有网站数 (个),54,个
天津,120000000000,2015,企业信息化及电子商务情况,有电子商务交易活动的企业数 (个),1655,个
天津,120000000000,2015,企业信息化及电子商务情况,有电子商务交易活动的企业数比重 (%),9.1,%
天津,120000000000,2015,企业信息化及电子商务情况,电子商务销售额 (亿元),3148.6,亿元
天津,120000000000,2015,企业信息化及电子商务情况,电子商务采购额 (亿元),2068.4,亿元
河北,130000000000,2024,企业信息化及电子商务情况,每百人使用计算机数 (台),37,台
河北,130000000000,2024,企业信息化及电子商务情况,每百家企业拥有网站数 (个),34,个
河北,130000000000,2024,企业信息化及电子商务情况,有电子商务交易活动的企业数 (个),3671,个
河北,130000000000,2024,企业信息化及电子商务情况,电子商务销售额 (亿元),4056.8,亿元
河北,130000000000,2024,企业信息化及电子商务情况,电子商务采购额 (亿元),1979.0,亿元
河北,130000000000,2023,企业信息化及电子商务情况,每百人使用计算机数 (台),35,台
河北,130000000000,2023,企业信息化及电子商务情况,每百家企业拥有网站数 (个),41,个
河北,130000000000,2023,企业信息化及电子商务情况,有电子商务交易活动的企业数 (个),3955,个
河北,130000000000,2023,企业信息化及电子商务情况,有电子商务交易活动的企业数比重 (%),9.8,%
河北,130000000000,2023,企业信息化及电子商务情况,电子商务销售额 (亿元),3920.8,亿元
河北,130000000000,2023,企业信息化及电子商务情况,电子商务采购额 (亿元),1979.6,亿元
河北,130000000000,2022,企业信息化及电子商务情况,每百人使用计算机数 (台),33,台
河北,130000000000,2022,企业信息化及电子商务情况,每百家企业拥有网站数 (个),43,个
河北,130000000000,2022,企业信息化及电子商务情况,有电子商务交易活动的企业数 (个),2669,个
河北,130000000000,2022,企业信息化及电子商务情况,有电子商务交易活动的企业数比重 (%),6.8,%
河北,130000000000,2022,企业信息化及电子商务情况,电子商务销售额 (亿元),3524.8,亿元
河北,130000000000,2022,企业信息化及电子商务情况,电子商务采购额 (亿元),2061.0,亿元
河北,130000000000,2021,企业信息化及电子商务情况,每百人使用计算机数 (台),32,台
河北,130000000000,2021,企业信息化及电子商务情况,每百家企业拥有网站数 (个),50,个
河北,130000000000,2021,企业信息化及电子商务情况,有电子商务交易活动的企业数 (个),2677,个
河北,130000000000,2021,企业信息化及电子商务情况,有电子商务交易活动的企业数比重 (%),7.5,%
河北,130000000000,2021,企业信息化及电子商务情况,电子商务销售额 (亿元),3790.8,亿元
河北,130000000000,2021,企业信息化及电子商务情况,电子商务采购额 (亿元),2265.5,亿元
河北,130000000000,2020,企业信息化及电子商务情况,每百人使用计算机数 (台),31,台
河北,130000000000,2020,企业信息化及电子商务情况,每百家企业拥有网站数 (个),51,个
河北,130000000000,2020,企业信息化及电子商务情况,有电子商务交易活动的企业数 (个),2464,个
河北,130000000000,2020,企业信息化及电子商务情况,有电子商务交易活动的企业数比重 (%),7.7,%
河北,130000000000,2020,企业信息化及电子商务情况,电子商务销售额 (亿元),4402.3,亿元
河北,130000000000,2020,企业信息化及电子商务情况,电子商务采购额 (亿元),1717.6,亿元
河北,130000000000,2019,企业信息化及电子商务情况,每百人使用计算机数 (台),28,台
河北,130000000000,2019,企业信息化及电子商务情况,每百家企业拥有网站数 (个),55,个
河北,130000000000,2019,企业信息化及电子商务情况,有电子商务交易活动的企业数 (个),2044,个
河北,130000000000,2019,企业信息化及电子商务情况,有电子商务交易活动的企业数比重 (%),7.1,%
河北,130000000000,2019,企业信息化及电子商务情况,电子商务销售额 (亿元),2726.3,亿元
河北,130000000000,2019,企业信息化及电子商务情况,电子商务采购额 (亿元),1926.0,亿元
河北,130000000000,2018,企业信息化及电子商务情况,每百人使用计算机数 (台),25,台
河北,130000000000,2018,企业信息化及电子商务情况,每百家企业拥有网站数 (个),56,个
河北,130000000000,2018,企业信息化及电子商务情况,有电子商务交易活动的企业数 (个),1954,个
河北,130000000000,2018,企业信息化及电子商务情况,有电子商务交易活动的企业数比重 (%),6.7,%
河北,130000000000,2018,企业信息化及电子商务情况,电子商务销售额 (亿元),2556.1,亿元
河北,130000000000,2018,企业信息化及电子商务情况,电子商务采购额 (亿元),1971.4,亿元
河北,130000000000,2017,企业信息化及电子商务情况,每百人使用计算机数 (台),21,台
河北,130000000000,2017,企业信息化及电子商务情况,每百家企业拥有网站数 (个),57,个
河北,130000000000,2017,企业信息化及电子商务情况,有电子商务交易活动的企业数 (个),2106,个
河北,130000000000,2017,企业信息化及电子商务情况,有电子商务交易活动的企业数比重 (%),6.9,%
河北,130000000000,2017,企业信息化及电子商务情况,电子商务销售额 (亿元),2441.1,亿元
河北,130000000000,2017,企业信息化及电子商务情况,电子商务采购额 (亿元),2842.6,亿元
河北,130000000000,2016,企业信息化及电子商务情况,每百人使用计算机数 (台),19,台
河北,130000000000,2016,企业信息化及电子商务情况,每百家企业拥有网站数 (个),57,个
河北,130000000000,2016,企业信息化及电子商务情况,有电子商务交易活动的企业数 (个),2473,个
河北,130000000000,2016,企业信息化及电子商务情况,有电子商务交易活动的企业数比重 (%),8.4,%
河北,130000000000,2016,企业信息化及电子商务情况,电子商务销售额 (亿元),2416.1,亿元
河北,130000000000,2016,企业信息化及电子商务情况,电子商务采购额 (亿元),1045.5,亿元
河北,130000000000,2015,企业信息化及电子商务情况,每百人使用计算机数 (台),19,台
河北,130000000000,2015,企业信息化及电子商务情况,每百家企业拥有网站数 (个),57,个
河北,130000000000,2015,企业信息化及电子商务情况,有电子商务交易活动的企业数 (个),1888,个
河北,130000000000,2015,企业信息化及电子商务情况,有电子商务交易活动的企业数比重 (%),6.6,%
河北,130000000000,2015,企业信息化及电子商务情况,电子商务销售额 (亿元),1440.0,亿元
河北,130000000000,2015,企业信息化及电子商务情况,电子商务采购额 (亿元),863.5,亿元
山西,140000000000,2024,企业信息化及电子商务情况,每百人使用计算机数 (台),31,台
山西,140000000000,2024,企业信息化及电子商务情况,每百家企业拥有网站数 (个),19,个
山西,140000000000,2024,企业信息化及电子商务情况,有电子商务交易活动的企业数 (个),2600,个
山西,140000000000,2024,企业信息化及电子商务情况,电子商务销售额 (亿元),6152.9,亿元
山西,140000000000,2024,企业信息化及电子商务情况,电子商务采购额 (亿元),2148.7,亿元
山西,140000000000,2023,企业信息化及电子商务情况,每百人使用计算机数 (台),29,台
山西,140000000000,2023,企业信息化及电子商务情况,每百家企业拥有网站数 (个),20,个
山西,140000000000,2023,企业信息化及电子商务情况,有电子商务交易活动的企业数 (个),2337,个
山西,140000000000,2023,企业信息化及电子商务情况,有电子商务交易活动的企业数比重 (%),8.5,%
山西,140000000000,2023,企业信息化及电子商务情况,电子商务销售额 (亿元),6351.2,亿元
山西,140000000000,2023,企业信息化及电子商务情况,电子商务采购额 (亿元),2206.3,亿元
山西,140000000000,2022,企业信息化及电子商务情况,每百人使用计算机数 (台),28,台
山西,140000000000,2022,企业信息化及电子商务情况,每百家企业拥有网站数 (个),25,个
山西,140000000000,2022,企业信息化及电子商务情况,有电子商务交易活动的企业数 (个),1498,个
山西,140000000000,2022,企业信息化及电子商务情况,有电子商务交易活动的企业数比重 (%),5.8,%
山西,140000000000,2022,企业信息化及电子商务情况,电子商务销售额 (亿元),5629.4,亿元
山西,140000000000,2022,企业信息化及电子商务情况,电子商务采购额 (亿元),1768.9,亿元
山西,140000000000,2021,企业信息化及电子商务情况,每百人使用计算机数 (台),27,台
山西,140000000000,2021,企业信息化及电子商务情况,每百家企业拥有网站数 (个),30,个
山西,140000000000,2021,企业信息化及电子商务情况,有电子商务交易活动的企业数 (个),1529,个
山西,140000000000,2021,企业信息化及电子商务情况,有电子商务交易活动的企业数比重 (%),6.6,%
山西,140000000000,2021,企业信息化及电子商务情况,电子商务销售额 (亿元),3420.8,亿元
山西,140000000000,2021,企业信息化及电子商务情况,电子商务采购额 (亿元),1619.0,亿元
山西,140000000000,2020,企业信息化及电子商务情况,每百人使用计算机数 (台),26,台
山西,140000000000,2020,企业信息化及电子商务情况,每百家企业拥有网站数 (个),32,个
山西,140000000000,2020,企业信息化及电子商务情况,有电子商务交易活动的企业数 (个),1222,个
山西,140000000000,2020,企业信息化及电子商务情况,有电子商务交易活动的企业数比重 (%),6.5,%
山西,140000000000,2020,企业信息化及电子商务情况,电子商务销售额 (亿元),2322.6,亿元
山西,140000000000,2020,企业信息化及电子商务情况,电子商务采购额 (亿元),928.4,亿元
山西,140000000000,2019,企业信息化及电子商务情况,每百人使用计算机数 (台),24,台
山西,140000000000,2019,企业信息化及电子商务情况,每百家企业拥有网站数 (个),34,个
山西,140000000000,2019,企业信息化及电子商务情况,有电子商务交易活动的企业数 (个),972,个
山西,140000000000,2019,企业信息化及电子商务情况,有电子商务交易活动的企业数比重 (%),6.0,%
山西,140000000000,2019,企业信息化及电子商务情况,电子商务销售额 (亿元),2136.7,亿元
山西,140000000000,2019,企业信息化及电子商务情况,电子商务采购额 (亿元),1342.9,亿元
山西,140000000000,2018,企业信息化及电子商务情况,每百人使用计算机数 (台),23,台
山西,140000000000,2018,企业信息化及电子商务情况,每百家企业拥有网站数 (个),39,个
山西,140000000000,2018,企业信息化及电子商务情况,有电子商务交易活动的企业数 (个),916,个
山西,140000000000,2018,企业信息化及电子商务情况,有电子商务交易活动的企业数比重 (%),6.3,%
山西,140000000000,2018,企业信息化及电子商务情况,电子商务销售额 (亿元),2450.2,亿元
山西,140000000000,2018,企业信息化及电子商务情况,电子商务采购额 (亿元),922.1,亿元
山西,140000000000,2017,企业信息化及电子商务情况,每百人使用计算机数 (台),22,台
山西,140000000000,2017,企业信息化及电子商务情况,每百家企业拥有网站数 (个),42,个
山西,140000000000,2017,企业信息化及电子商务情况,有电子商务交易活动的企业数 (个),904,个
山西,140000000000,2017,企业信息化及电子商务情况,有电子商务交易活动的企业数比重 (%),6.5,%
山西,140000000000,2017,企业信息化及电子商务情况,电子商务销售额 (亿元),864.3,亿元
山西,140000000000,2017,企业信息化及电子商务情况,电子商务采购额 (亿元),733.0,亿元
山西,140000000000,2016,企业信息化及电子商务情况,每百人使用计算机数 (台),21,台
山西,140000000000,2016,企业信息化及电子商务情况,每百家企业拥有网站数 (个),45,个
山西,140000000000,2016,企业信息化及电子商务情况,有电子商务交易活动的企业数 (个),1110,个
山西,140000000000,2016,企业信息化及电子商务情况,有电子商务交易活动的企业数比重 (%),8.1,%
山西,140000000000,2016,企业信息化及电子商务情况,电子商务销售额 (亿元),680.3,亿元
山西,140000000000,2016,企业信息化及电子商务情况,电子商务采购额 (亿元),621.4,亿元
山西,140000000000,2015,企业信息化及电子商务情况,每百人使用计算机数 (台),19,台
山西,140000000000,2015,企业信息化及电子商务情况,每百家企业拥有网站数 (个),46,个
山西,140000000000,2015,企业信息化及电子商务情况,有电子商务交易活动的企业数 (个),840,个
山西,140000000000,2015,企业信息化及电子商务情况,有电子商务交易活动的企业数比重 (%),6.1,%
山西,140000000000,2015,企业信息化及电子商务情况,电子商务销售额 (亿元),676.7,亿元
山西,140000000000,2015,企业信息化及电子商务情况,电子商务采购额 (亿元),380.4,亿元
内蒙古,150000000000,2024,企业信息化及电子商务情况,每百人使用计算机数 (台),40,台
内蒙古,150000000000,2024,企业信息化及电子商务情况,每百家企业拥有网站数 (个),25,个
内蒙古,150000000000,2024,企业信息化及电子商务情况,有电子商务交易活动的企业数 (个),1521,个
内蒙古,150000000000,2024,企业信息化及电子商务情况,电子商务销售额 (亿元),6194.2,亿元
内蒙古,150000000000,2024,企业信息化及电子商务情况,电子商务采购额 (亿元),2043.9,亿元
内蒙古,150000000000,2023,企业信息化及电子商务情况,每百人使用计算机数 (台),38,台
内蒙古,150000000000,2023,企业信息化及电子商务情况,每百家企业拥有网站数 (个),28,个
内蒙古,150000000000,2023,企业信息化及电子商务情况,有电子商务交易活动的企业数 (个),1386,个
内蒙古,150000000000,2023,企业信息化及电子商务情况,有电子商务交易活动的企业数比重 (%),11.1,%
内蒙古,150000000000,2023,企业信息化及电子商务情况,电子商务销售额 (亿元),5316.7,亿元
内蒙古,150000000000,2023,企业信息化及电子商务情况,电子商务采购额 (亿元),2198.4,亿元
内蒙古,150000000000,2022,企业信息化及电子商务情况,每百人使用计算机数 (台),38,台
内蒙古,150000000000,2022,企业信息化及电子商务情况,每百家企业拥有网站数 (个),31,个
内蒙古,150000000000,2022,企业信息化及电子商务情况,有电子商务交易活动的企业数 (个),921,个
内蒙古,150000000000,2022,企业信息化及电子商务情况,有电子商务交易活动的企业数比重 (%),8.0,%
内蒙古,150000000000,2022,企业信息化及电子商务情况,电子商务销售额 (亿元),4466.6,亿元
内蒙古,150000000000,2022,企业信息化及电子商务情况,电子商务采购额 (亿元),2863.8,亿元
内蒙古,150000000000,2021,企业信息化及电子商务情况,每百人使用计算机数 (台),36,台
内蒙古,150000000000,2021,企业信息化及电子商务情况,每百家企业拥有网站数 (个),37,个
内蒙古,150000000000,2021,企业信息化及电子商务情况,有电子商务交易活动的企业数 (个),804,个
内蒙古,150000000000,2021,企业信息化及电子商务情况,有电子商务交易活动的企业数比重 (%),7.5,%
内蒙古,150000000000,2021,企业信息化及电子商务情况,电子商务销售额 (亿元),3145.5,亿元
内蒙古,150000000000,2021,企业信息化及电子商务情况,电子商务采购额 (亿元),2845.3,亿元
内蒙古,150000000000,2020,企业信息化及电子商务情况,每百人使用计算机数 (台),35,台
内蒙古,150000000000,2020,企业信息化及电子商务情况,每百家企业拥有网站数 (个),38,个
内蒙古,150000000000,2020,企业信息化及电子商务情况,有电子商务交易活动的企业数 (个),683,个
内蒙古,150000000000,2020,企业信息化及电子商务情况,有电子商务交易活动的企业数比重 (%),6.9,%
内蒙古,150000000000,2020,企业信息化及电子商务情况,电子商务销售额 (亿元),2799.9,亿元
内蒙古,150000000000,2020,企业信息化及电子商务情况,电子商务采购额 (亿元),2013.7,亿元
内蒙古,150000000000,2019,企业信息化及电子商务情况,每百人使用计算机数 (台),33,台
内蒙古,150000000000,2019,企业信息化及电子商务情况,每百家企业拥有网站数 (个),38,个
内蒙古,150000000000,2019,企业信息化及电子商务情况,有电子商务交易活动的企业数 (个),583,个
内蒙古,150000000000,2019,企业信息化及电子商务情况,有电子商务交易活动的企业数比重 (%),6.0,%
内蒙古,150000000000,2019,企业信息化及电子商务情况,电子商务销售额 (亿元),2568.1,亿元
内蒙古,150000000000,2019,企业信息化及电子商务情况,电子商务采购额 (亿元),1631.3,亿元
内蒙古,150000000000,2018,企业信息化及电子商务情况,每百人使用计算机数 (台),31,台
内蒙古,150000000000,2018,企业信息化及电子商务情况,每百家企业拥有网站数 (个),44,个
内蒙古,150000000000,2018,企业信息化及电子商务情况,有电子商务交易活动的企业数 (个),571,个
内蒙古,150000000000,2018,企业信息化及电子商务情况,有电子商务交易活动的企业数比重 (%),6.1,%
内蒙古,150000000000,2018,企业信息化及电子商务情况,电子商务销售额 (亿元),1948.6,亿元
内蒙古,150000000000,2018,企业信息化及电子商务情况,电子商务采购额 (亿元),1258.3,亿元
内蒙古,150000000000,2017,企业信息化及电子商务情况,每百人使用计算机数 (台),28,台
内蒙古,150000000000,2017,企业信息化及电子商务情况,每百家企业拥有网站数 (个),51,个
内蒙古,150000000000,2017,企业信息化及电子商务情况,有电子商务交易活动的企业数 (个),630,个
内蒙古,150000000000,2017,企业信息化及电子商务情况,有电子商务交易活动的企业数比重 (%),6.5,%
内蒙古,150000000000,2017,企业信息化及电子商务情况,电子商务销售额 (亿元),1725.5,亿元
内蒙古,150000000000,2017,企业信息化及电子商务情况,电子商务采购额 (亿元),1074.9,亿元
内蒙古,150000000000,2016,企业信息化及电子商务情况,每百人使用计算机数 (台),25,台
内蒙古,150000000000,2016,企业信息化及电子商务情况,每百家企业拥有网站数 (个),50,个
内蒙古,150000000000,2016,企业信息化及电子商务情况,有电子商务交易活动的企业数 (个),861,个
内蒙古,150000000000,2016,企业信息化及电子商务情况,有电子商务交易活动的企业数比重 (%),7.6,%
内蒙古,150000000000,2016,企业信息化及电子商务情况,电子商务销售额 (亿元),1587.6,亿元
内蒙古,150000000000,2016,企业信息化及电子商务情况,电子商务采购额 (亿元),1026.9,亿元
内蒙古,150000000000,2015,企业信息化及电子商务情况,每百人使用计算机数 (台),22,台
内蒙古,150000000000,2015,企业信息化及电子商务情况,每百家企业拥有网站数 (个),49,个
内蒙古,150000000000,2015,企业信息化及电子商务情况,有电子商务交易活动的企业数 (个),611,个
内蒙古,150000000000,2015,企业信息化及电子商务情况,有电子商务交易活动的企业数比重 (%),5.5,%
内蒙古,150000000000,2015,企业信息化及电子商务情况,电子商务销售额 (亿元),1340.1,亿元
内蒙古,150000000000,2015,企业信息化及电子商务情况,电子商务采购额 (亿元),910.7,亿元
辽宁,210000000000,2024,企业信息化及电子商务情况,每百人使用计算机数 (台),44,台
辽宁,210000000000,2024,企业信息化及电子商务情况,每百家企业拥有网站数 (个),28,个
辽宁,210000000000,2024,企业信息化及电子商务情况,有电子商务交易活动的企业数 (个),2759,个
辽宁,210000000000,2024,企业信息化及电子商务情况,电子商务销售额 (亿元),6954.6,亿元
辽宁,210000000000,2024,企业信息化及电子商务情况,电子商务采购额 (亿元),3801.5,亿元
辽宁,210000000000,2023,企业信息化及电子商务情况,每百人使用计算机数 (台),40,台
辽宁,210000000000,2023,企业信息化及电子商务情况,每百家企业拥有网站数 (个),34,个
辽宁,210000000000,2023,企业信息化及电子商务情况,有电子商务交易活动的企业数 (个),2730,个
辽宁,210000000000,2023,企业信息化及电子商务情况,有电子商务交易活动的企业数比重 (%),8.6,%
辽宁,210000000000,2023,企业信息化及电子商务情况,电子商务销售额 (亿元),7841.3,亿元
辽宁,210000000000,2023,企业信息化及电子商务情况,电子商务采购额 (亿元),4025.1,亿元
辽宁,210000000000,2022,企业信息化及电子商务情况,每百人使用计算机数 (台),41,台
辽宁,210000000000,2022,企业信息化及电子商务情况,每百家企业拥有网站数 (个),37,个
辽宁,210000000000,2022,企业信息化及电子商务情况,有电子商务交易活动的企业数 (个),1919,个
辽宁,210000000000,2022,企业信息化及电子商务情况,有电子商务交易活动的企业数比重 (%),6.4,%
辽宁,210000000000,2022,企业信息化及电子商务情况,电子商务销售额 (亿元),6702.4,亿元
辽宁,210000000000,2022,企业信息化及电子商务情况,电子商务采购额 (亿元),3438.3,亿元
辽宁,210000000000,2021,企业信息化及电子商务情况,每百人使用计算机数 (台),40,台
辽宁,210000000000,2021,企业信息化及电子商务情况,每百家企业拥有网站数 (个),44,个
辽宁,210000000000,2021,企业信息化及电子商务情况,有电子商务交易活动的企业数 (个),1686,个
辽宁,210000000000,2021,企业信息化及电子商务情况,有电子商务交易活动的企业数比重 (%),5.9,%
辽宁,210000000000,2021,企业信息化及电子商务情况,电子商务销售额 (亿元),4785.7,亿元
辽宁,210000000000,2021,企业信息化及电子商务情况,电子商务采购额 (亿元),2870.6,亿元
辽宁,210000000000,2020,企业信息化及电子商务情况,每百人使用计算机数 (台),38,台
辽宁,210000000000,2020,企业信息化及电子商务情况,每百家企业拥有网站数 (个),45,个
辽宁,210000000000,2020,企业信息化及电子商务情况,有电子商务交易活动的企业数 (个),1584,个
辽宁,210000000000,2020,企业信息化及电子商务情况,有电子商务交易活动的企业数比重 (%),5.8,%
辽宁,210000000000,2020,企业信息化及电子商务情况,电子商务销售额 (亿元),4326.0,亿元
辽宁,210000000000,2020,企业信息化及电子商务情况,电子商务采购额 (亿元),2646.9,亿元
辽宁,210000000000,2019,企业信息化及电子商务情况,每百人使用计算机数 (台),36,台
辽宁,210000000000,2019,企业信息化及电子商务情况,每百家企业拥有网站数 (个),48,个
辽宁,210000000000,2019,企业信息化及电子商务情况,有电子商务交易活动的企业数 (个),1455,个
辽宁,210000000000,2019,企业信息化及电子商务情况,有电子商务交易活动的企业数比重 (%),5.5,%
辽宁,210000000000,2019,企业信息化及电子商务情况,电子商务销售额 (亿元),4112.0,亿元
辽宁,210000000000,2019,企业信息化及电子商务情况,电子商务采购额 (亿元),2570.3,亿元
辽宁,210000000000,2018,企业信息化及电子商务情况,每百人使用计算机数 (台),35,台
辽宁,210000000000,2018,企业信息化及电子商务情况,每百家企业拥有网站数 (个),50,个
辽宁,210000000000,2018,企业信息化及电子商务情况,有电子商务交易活动的企业数 (个),1226,个
辽宁,210000000000,2018,企业信息化及电子商务情况,有电子商务交易活动的企业数比重 (%),5.0,%
辽宁,210000000000,2018,企业信息化及电子商务情况,电子商务销售额 (亿元),3638.4,亿元
辽宁,210000000000,2018,企业信息化及电子商务情况,电子商务采购额 (亿元),2264.2,亿元
辽宁,210000000000,2017,企业信息化及电子商务情况,每百人使用计算机数 (台),32,台
辽宁,210000000000,2017,企业信息化及电子商务情况,每百家企业拥有网站数 (个),54,个
辽宁,210000000000,2017,企业信息化及电子商务情况,有电子商务交易活动的企业数 (个),1149,个
辽宁,210000000000,2017,企业信息化及电子商务情况,有电子商务交易活动的企业数比重 (%),4.7,%
辽宁,210000000000,2017,企业信息化及电子商务情况,电子商务销售额 (亿元),2601.5,亿元
辽宁,210000000000,2017,企业信息化及电子商务情况,电子商务采购额 (亿元),1135.0,亿元
辽宁,210000000000,2016,企业信息化及电子商务情况,每百人使用计算机数 (台),28,台
辽宁,210000000000,2016,企业信息化及电子商务情况,每百家企业拥有网站数 (个),54,个
辽宁,210000000000,2016,企业信息化及电子商务情况,有电子商务交易活动的企业数 (个),1453,个
辽宁,210000000000,2016,企业信息化及电子商务情况,有电子商务交易活动的企业数比重 (%),5.8,%
辽宁,210000000000,2016,企业信息化及电子商务情况,电子商务销售额 (亿元),2125.1,亿元
辽宁,210000000000,2016,企业信息化及电子商务情况,电子商务采购额 (亿元),1058.3,亿元
辽宁,210000000000,2015,企业信息化及电子商务情况,每百人使用计算机数 (台),22,台
辽宁,210000000000,2015,企业信息化及电子商务情况,每百家企业拥有网站数 (个),51,个
辽宁,210000000000,2015,企业信息化及电子商务情况,有电子商务交易活动的企业数 (个),1599,个
辽宁,210000000000,2015,企业信息化及电子商务情况,有电子商务交易活动的企业数比重 (%),5.0,%
辽宁,210000000000,2015,企业信息化及电子商务情况,电子商务销售额 (亿元),2541.0,亿元
辽宁,210000000000,2015,企业信息化及电子商务情况,电子商务采购额 (亿元),1107.6,亿元
吉林,220000000000,2024,企业信息化及电子商务情况,每百人使用计算机数 (台),43,台
吉林,220000000000,2024,企业信息化及电子商务情况,每百家企业拥有网站数 (个),26,个
吉林,220000000000,2024,企业信息化及电子商务情况,有电子商务交易活动的企业数 (个),1018,个
吉林,220000000000,2024,企业信息化及电子商务情况,电子商务销售额 (亿元),1322.6,亿元
吉林,220000000000,2024,企业信息化及电子商务情况,电子商务采购额 (亿元),1226.5,亿元
吉林,220000000000,2023,企业信息化及电子商务情况,每百人使用计算机数 (台),40,台
吉林,220000000000,2023,企业信息化及电子商务情况,每百家企业拥有网站数 (个),30,个
吉林,220000000000,2023,企业信息化及电子商务情况,有电子商务交易活动的企业数 (个),964,个
吉林,220000000000,2023,企业信息化及电子商务情况,有电子商务交易活动的企业数比重 (%),7.6,%
吉林,220000000000,2023,企业信息化及电子商务情况,电子商务销售额 (亿元),1250.9,亿元
吉林,220000000000,2023,企业信息化及电子商务情况,电子商务采购额 (亿元),1247.3,亿元
吉林,220000000000,2022,企业信息化及电子商务情况,每百人使用计算机数 (台),40,台
吉林,220000000000,2022,企业信息化及电子商务情况,每百家企业拥有网站数 (个),33,个
吉林,220000000000,2022,企业信息化及电子商务情况,有电子商务交易活动的企业数 (个),603,个
吉林,220000000000,2022,企业信息化及电子商务情况,有电子商务交易活动的企业数比重 (%),4.8,%
吉林,220000000000,2022,企业信息化及电子商务情况,电子商务销售额 (亿元),608.9,亿元
吉林,220000000000,2022,企业信息化及电子商务情况,电子商务采购额 (亿元),331.2,亿元
吉林,220000000000,2021,企业信息化及电子商务情况,每百人使用计算机数 (台),37,台
吉林,220000000000,2021,企业信息化及电子商务情况,每百家企业拥有网站数 (个),39,个
吉林,220000000000,2021,企业信息化及电子商务情况,有电子商务交易活动的企业数 (个),673,个
吉林,220000000000,2021,企业信息化及电子商务情况,有电子商务交易活动的企业数比重 (%),5.6,%
吉林,220000000000,2021,企业信息化及电子商务情况,电子商务销售额 (亿元),587.1,亿元
吉林,220000000000,2021,企业信息化及电子商务情况,电子商务采购额 (亿元),349.0,亿元
吉林,220000000000,2020,企业信息化及电子商务情况,每百人使用计算机数 (台),36,台
吉林,220000000000,2020,企业信息化及电子商务情况,每百家企业拥有网站数 (个),41,个
吉林,220000000000,2020,企业信息化及电子商务情况,有电子商务交易活动的企业数 (个),595,个
吉林,220000000000,2020,企业信息化及电子商务情况,有电子商务交易活动的企业数比重 (%),5.5,%
吉林,220000000000,2020,企业信息化及电子商务情况,电子商务销售额 (亿元),525.8,亿元
吉林,220000000000,2020,企业信息化及电子商务情况,电子商务采购额 (亿元),346.7,亿元
吉林,220000000000,2019,企业信息化及电子商务情况,每百人使用计算机数 (台),32,台
吉林,220000000000,2019,企业信息化及电子商务情况,每百家企业拥有网站数 (个),41,个
吉林,220000000000,2019,企业信息化及电子商务情况,有电子商务交易活动的企业数 (个),537,个
吉林,220000000000,2019,企业信息化及电子商务情况,有电子商务交易活动的企业数比重 (%),5.1,%
吉林,220000000000,2019,企业信息化及电子商务情况,电子商务销售额 (亿元),596.8,亿元
吉林,220000000000,2019,企业信息化及电子商务情况,电子商务采购额 (亿元),288.9,亿元
吉林,220000000000,2018,企业信息化及电子商务情况,每百人使用计算机数 (台),30,台
吉林,220000000000,2018,企业信息化及电子商务情况,每百家企业拥有网站数 (个),42,个
吉林,220000000000,2018,企业信息化及电子商务情况,有电子商务交易活动的企业数 (个),635,个
吉林,220000000000,2018,企业信息化及电子商务情况,有电子商务交易活动的企业数比重 (%),4.9,%
吉林,220000000000,2018,企业信息化及电子商务情况,电子商务销售额 (亿元),553.1,亿元
吉林,220000000000,2018,企业信息化及电子商务情况,电子商务采购额 (亿元),288.4,亿元
吉林,220000000000,2017,企业信息化及电子商务情况,每百人使用计算机数 (台),27,台
吉林,220000000000,2017,企业信息化及电子商务情况,每百家企业拥有网站数 (个),43,个
吉林,220000000000,2017,企业信息化及电子商务情况,有电子商务交易活动的企业数 (个),717,个
吉林,220000000000,2017,企业信息化及电子商务情况,有电子商务交易活动的企业数比重 (%),4.3,%
吉林,220000000000,2017,企业信息化及电子商务情况,电子商务销售额 (亿元),538.0,亿元
吉林,220000000000,2017,企业信息化及电子商务情况,电子商务采购额 (亿元),255.2,亿元
吉林,220000000000,2016,企业信息化及电子商务情况,每百人使用计算机数 (台),24,台
吉林,220000000000,2016,企业信息化及电子商务情况,每百家企业拥有网站数 (个),41,个
吉林,220000000000,2016,企业信息化及电子商务情况,有电子商务交易活动的企业数 (个),807,个
吉林,220000000000,2016,企业信息化及电子商务情况,有电子商务交易活动的企业数比重 (%),5.1,%
吉林,220000000000,2016,企业信息化及电子商务情况,电子商务销售额 (亿元),504.7,亿元
吉林,220000000000,2016,企业信息化及电子商务情况,电子商务采购额 (亿元),236.1,亿元
吉林,220000000000,2015,企业信息化及电子商务情况,每百人使用计算机数 (台),21,台
吉林,220000000000,2015,企业信息化及电子商务情况,每百家企业拥有网站数 (个),47,个
吉林,220000000000,2015,企业信息化及电子商务情况,有电子商务交易活动的企业数 (个),544,个
吉林,220000000000,2015,企业信息化及电子商务情况,有电子商务交易活动的企业数比重 (%),4.2,%
吉林,220000000000,2015,企业信息化及电子商务情况,电子商务销售额 (亿元),515.9,亿元
吉林,220000000000,2015,企业信息化及电子商务情况,电子商务采购额 (亿元),263.1,亿元
黑龙江,230000000000,2024,企业信息化及电子商务情况,每百人使用计算机数 (台),40,台
黑龙江,230000000000,2024,企业信息化及电子商务情况,每百家企业拥有网站数 (个),24,个
黑龙江,230000000000,2024,企业信息化及电子商务情况,有电子商务交易活动的企业数 (个),1263,个
黑龙江,230000000000,2024,企业信息化及电子商务情况,电子商务销售额 (亿元),1372.8,亿元
黑龙江,230000000000,2024,企业信息化及电子商务情况,电子商务采购额 (亿元),789.2,亿元
黑龙江,230000000000,2023,企业信息化及电子商务情况,每百人使用计算机数 (台),45,台
黑龙江,230000000000,2023,企业信息化及电子商务情况,每百家企业拥有网站数 (个),30,个
黑龙江,230000000000,2023,企业信息化及电子商务情况,有电子商务交易活动的企业数 (个),1257,个
黑龙江,230000000000,2023,企业信息化及电子商务情况,有电子商务交易活动的企业数比重 (%),8.8,%
黑龙江,230000000000,2023,企业信息化及电子商务情况,电子商务销售额 (亿元),1469.7,亿元
黑龙江,230000000000,2023,企业信息化及电子商务情况,电子商务采购额 (亿元),573.8,亿元
黑龙江,230000000000,2022,企业信息化及电子商务情况,每百人使用计算机数 (台),44,台
黑龙江,230000000000,2022,企业信息化及电子商务情况,每百家企业拥有网站数 (个),31,个
黑龙江,230000000000,2022,企业信息化及电子商务情况,有电子商务交易活动的企业数 (个),792,个
黑龙江,230000000000,2022,企业信息化及电子商务情况,有电子商务交易活动的企业数比重 (%),5.6,%
黑龙江,230000000000,2022,企业信息化及电子商务情况,电子商务销售额 (亿元),1180.0,亿元
黑龙江,230000000000,2022,企业信息化及电子商务情况,电子商务采购额 (亿元),676.0,亿元
黑龙江,230000000000,2021,企业信息化及电子商务情况,每百人使用计算机数 (台),42,台
黑龙江,230000000000,2021,企业信息化及电子商务情况,每百家企业拥有网站数 (个),37,个
黑龙江,230000000000,2021,企业信息化及电子商务情况,有电子商务交易活动的企业数 (个),765,个
黑龙江,230000000000,2021,企业信息化及电子商务情况,有电子商务交易活动的企业数比重 (%),6.0,%
黑龙江,230000000000,2021,企业信息化及电子商务情况,电子商务销售额 (亿元),801.7,亿元
黑龙江,230000000000,2021,企业信息化及电子商务情况,电子商务采购额 (亿元),610.4,亿元
黑龙江,230000000000,2020,企业信息化及电子商务情况,每百人使用计算机数 (台),46,台
黑龙江,230000000000,2020,企业信息化及电子商务情况,每百家企业拥有网站数 (个),38,个
黑龙江,230000000000,2020,企业信息化及电子商务情况,有电子商务交易活动的企业数 (个),631,个
黑龙江,230000000000,2020,企业信息化及电子商务情况,有电子商务交易活动的企业数比重 (%),5.5,%
黑龙江,230000000000,2020,企业信息化及电子商务情况,电子商务销售额 (亿元),687.2,亿元
黑龙江,230000000000,2020,企业信息化及电子商务情况,电子商务采购额 (亿元),367.8,亿元
黑龙江,230000000000,2019,企业信息化及电子商务情况,每百人使用计算机数 (台),40,台
黑龙江,230000000000,2019,企业信息化及电子商务情况,每百家企业拥有网站数 (个),39,个
黑龙江,230000000000,2019,企业信息化及电子商务情况,有电子商务交易活动的企业数 (个),505,个
黑龙江,230000000000,2019,企业信息化及电子商务情况,有电子商务交易活动的企业数比重 (%),4.8,%
黑龙江,230000000000,2019,企业信息化及电子商务情况,电子商务销售额 (亿元),599.1,亿元
黑龙江,230000000000,2019,企业信息化及电子商务情况,电子商务采购额 (亿元),314.9,亿元
黑龙江,230000000000,2018,企业信息化及电子商务情况,每百人使用计算机数 (台),35,台
黑龙江,230000000000,2018,企业信息化及电子商务情况,每百家企业拥有网站数 (个),44,个
黑龙江,230000000000,2018,企业信息化及电子商务情况,有电子商务交易活动的企业数 (个),466,个
黑龙江,230000000000,2018,企业信息化及电子商务情况,有电子商务交易活动的企业数比重 (%),4.7,%
黑龙江,230000000000,2018,企业信息化及电子商务情况,电子商务销售额 (亿元),593.3,亿元
黑龙江,230000000000,2018,企业信息化及电子商务情况,电子商务采购额 (亿元),310.8,亿元
黑龙江,230000000000,2017,企业信息化及电子商务情况,每百人使用计算机数 (台),31,台
黑龙江,230000000000,2017,企业信息化及电子商务情况,每百家企业拥有网站数 (个),46,个
黑龙江,230000000000,2017,企业信息化及电子商务情况,有电子商务交易活动的企业数 (个),457,个
黑龙江,230000000000,2017,企业信息化及电子商务情况,有电子商务交易活动的企业数比重 (%),4.3,%
黑龙江,230000000000,2017,企业信息化及电子商务情况,电子商务销售额 (亿元),673.7,亿元
黑龙江,230000000000,2017,企业信息化及电子商务情况,电子商务采购额 (亿元),417.3,亿元
黑龙江,230000000000,2016,企业信息化及电子商务情况,每百人使用计算机数 (台),26,台
黑龙江,230000000000,2016,企业信息化及电子商务情况,每百家企业拥有网站数 (个),46,个
黑龙江,230000000000,2016,企业信息化及电子商务情况,有电子商务交易活动的企业数 (个),618,个
黑龙江,230000000000,2016,企业信息化及电子商务情况,有电子商务交易活动的企业数比重 (%),5.6,%
黑龙江,230000000000,2016,企业信息化及电子商务情况,电子商务销售额 (亿元),299.3,亿元
黑龙江,230000000000,2016,企业信息化及电子商务情况,电子商务采购额 (亿元),238.9,亿元
黑龙江,230000000000,2015,企业信息化及电子商务情况,每百人使用计算机数 (台),23,台
黑龙江,230000000000,2015,企业信息化及电子商务情况,每百家企业拥有网站数 (个),47,个
黑龙江,230000000000,2015,企业信息化及电子商务情况,有电子商务交易活动的企业数 (个),480,个
黑龙江,230000000000,2015,企业信息化及电子商务情况,有电子商务交易活动的企业数比重 (%),4.3,%
黑龙江,230000000000,2015,企业信息化及电子商务情况,电子商务销售额 (亿元),515.9,亿元
黑龙江,230000000000,2015,企业信息化及电子商务情况,电子商务采购额 (亿元),120.7,亿元
上海,310000000000,2024,企业信息化及电子商务情况,每百人使用计算机数 (台),71,台
上海,310000000000,2024,企业信息化及电子商务情况,每百家企业拥有网站数 (个),50,个
上海,310000000000,2024,企业信息化及电子商务情况,有电子商务交易活动的企业数 (个),8479,个
上海,310000000000,2024,企业信息化及电子商务情况,电子商务销售额 (亿元),46683.4,亿元
上海,310000000000,2024,企业信息化及电子商务情况,电子商务采购额 (亿元),24918.8,亿元
上海,310000000000,2023,企业信息化及电子商务情况,每百人使用计算机数 (台),70,台
上海,310000000000,2023,企业信息化及电子商务情况,每百家企业拥有网站数 (个),60,个
上海,310000000000,2023,企业信息化及电子商务情况,有电子商务交易活动的企业数 (个),7661,个
上海,310000000000,2023,企业信息化及电子商务情况,有电子商务交易活动的企业数比重 (%),14.8,%
上海,310000000000,2023,企业信息化及电子商务情况,电子商务销售额 (亿元),47257.7,亿元
上海,310000000000,2023,企业信息化及电子商务情况,电子商务采购额 (亿元),38057.2,亿元
上海,310000000000,2022,企业信息化及电子商务情况,每百人使用计算机数 (台),68,台
上海,310000000000,2022,企业信息化及电子商务情况,每百家企业拥有网站数 (个),54,个
上海,310000000000,2022,企业信息化及电子商务情况,有电子商务交易活动的企业数 (个),6111,个
上海,310000000000,2022,企业信息化及电子商务情况,有电子商务交易活动的企业数比重 (%),11.8,%
上海,310000000000,2022,企业信息化及电子商务情况,电子商务销售额 (亿元),39597.8,亿元
上海,310000000000,2022,企业信息化及电子商务情况,电子商务采购额 (亿元),24329.0,亿元
上海,310000000000,2021,企业信息化及电子商务情况,每百人使用计算机数 (台),66,台
上海,310000000000,2021,企业信息化及电子商务情况,每百家企业拥有网站数 (个),57,个
上海,310000000000,2021,企业信息化及电子商务情况,有电子商务交易活动的企业数 (个),5851,个
上海,310000000000,2021,企业信息化及电子商务情况,有电子商务交易活动的企业数比重 (%),11.3,%
上海,310000000000,2021,企业信息化及电子商务情况,电子商务销售额 (亿元),29122.5,亿元
上海,310000000000,2021,企业信息化及电子商务情况,电子商务采购额 (亿元),19284.3,亿元
上海,310000000000,2020,企业信息化及电子商务情况,每百人使用计算机数 (台),63,台
上海,310000000000,2020,企业信息化及电子商务情况,每百家企业拥有网站数 (个),57,个
上海,310000000000,2020,企业信息化及电子商务情况,有电子商务交易活动的企业数 (个),5434,个
上海,310000000000,2020,企业信息化及电子商务情况,有电子商务交易活动的企业数比重 (%),11.2,%
上海,310000000000,2020,企业信息化及电子商务情况,电子商务销售额 (亿元),23624.8,亿元
上海,310000000000,2020,企业信息化及电子商务情况,电子商务采购额 (亿元),14097.3,亿元
上海,310000000000,2019,企业信息化及电子商务情况,每百人使用计算机数 (台),61,台
上海,310000000000,2019,企业信息化及电子商务情况,每百家企业拥有网站数 (个),62,个
上海,310000000000,2019,企业信息化及电子商务情况,有电子商务交易活动的企业数 (个),4660,个
上海,310000000000,2019,企业信息化及电子商务情况,有电子商务交易活动的企业数比重 (%),11.0,%
上海,310000000000,2019,企业信息化及电子商务情况,电子商务销售额 (亿元),20462.4,亿元
上海,310000000000,2019,企业信息化及电子商务情况,电子商务采购额 (亿元),11367.5,亿元
上海,310000000000,2018,企业信息化及电子商务情况,每百人使用计算机数 (台),56,台
上海,310000000000,2018,企业信息化及电子商务情况,每百家企业拥有网站数 (个),67,个
上海,310000000000,2018,企业信息化及电子商务情况,有电子商务交易活动的企业数 (个),3645,个
上海,310000000000,2018,企业信息化及电子商务情况,有电子商务交易活动的企业数比重 (%),10.7,%
上海,310000000000,2018,企业信息化及电子商务情况,电子商务销售额 (亿元),17412.0,亿元
上海,310000000000,2018,企业信息化及电子商务情况,电子商务采购额 (亿元),9664.4,亿元
上海,310000000000,2017,企业信息化及电子商务情况,每百人使用计算机数 (台),54,台
上海,310000000000,2017,企业信息化及电子商务情况,每百家企业拥有网站数 (个),72,个
上海,310000000000,2017,企业信息化及电子商务情况,有电子商务交易活动的企业数 (个),3556,个
上海,310000000000,2017,企业信息化及电子商务情况,有电子商务交易活动的企业数比重 (%),10.8,%
上海,310000000000,2017,企业信息化及电子商务情况,电子商务销售额 (亿元),15342.3,亿元
上海,310000000000,2017,企业信息化及电子商务情况,电子商务采购额 (亿元),8814.2,亿元
上海,310000000000,2016,企业信息化及电子商务情况,每百人使用计算机数 (台),50,台
上海,310000000000,2016,企业信息化及电子商务情况,每百家企业拥有网站数 (个),74,个
上海,310000000000,2016,企业信息化及电子商务情况,有电子商务交易活动的企业数 (个),3979,个
上海,310000000000,2016,企业信息化及电子商务情况,有电子商务交易活动的企业数比重 (%),12.5,%
上海,310000000000,2016,企业信息化及电子商务情况,电子商务销售额 (亿元),16037.7,亿元
上海,310000000000,2016,企业信息化及电子商务情况,电子商务采购额 (亿元),8175.8,亿元
上海,310000000000,2015,企业信息化及电子商务情况,每百人使用计算机数 (台),47,台
上海,310000000000,2015,企业信息化及电子商务情况,每百家企业拥有网站数 (个),73,个
上海,310000000000,2015,企业信息化及电子商务情况,有电子商务交易活动的企业数 (个),4231,个
上海,310000000000,2015,企业信息化及电子商务情况,有电子商务交易活动的企业数比重 (%),13.1,%
上海,310000000000,2015,企业信息化及电子商务情况,电子商务销售额 (亿元),12879.4,亿元
上海,310000000000,2015,企业信息化及电子商务情况,电子商务采购额 (亿元),6119.8,亿元
江苏,320000000000,2024,企业信息化及电子商务情况,每百人使用计算机数 (台),37,台
江苏,320000000000,2024,企业信息化及电子商务情况,每百家企业拥有网站数 (个),40,个
江苏,320000000000,2024,企业信息化及电子商务情况,有电子商务交易活动的企业数 (个),21199,个
江苏,320000000000,2024,企业信息化及电子商务情况,电子商务销售额 (亿元),30208.7,亿元
江苏,320000000000,2024,企业信息化及电子商务情况,电子商务采购额 (亿元),14277.8,亿元
江苏,320000000000,2023,企业信息化及电子商务情况,每百人使用计算机数 (台),34,台
江苏,320000000000,2023,企业信息化及电子商务情况,每百家企业拥有网站数 (个),44,个
江苏,320000000000,2023,企业信息化及电子商务情况,有电子商务交易活动的企业数 (个),20931,个
江苏,320000000000,2023,企业信息化及电子商务情况,有电子商务交易活动的企业数比重 (%),12.0,%
江苏,320000000000,2023,企业信息化及电子商务情况,电子商务销售额 (亿元),28716.5,亿元
江苏,320000000000,2023,企业信息化及电子商务情况,电子商务采购额 (亿元),13372.8,亿元
江苏,320000000000,2022,企业信息化及电子商务情况,每百人使用计算机数 (台),33,台
江苏,320000000000,2022,企业信息化及电子商务情况,每百家企业拥有网站数 (个),45,个
江苏,320000000000,2022,企业信息化及电子商务情况,有电子商务交易活动的企业数 (个),14897,个
江苏,320000000000,2022,企业信息化及电子商务情况,有电子商务交易活动的企业数比重 (%),9.6,%
江苏,320000000000,2022,企业信息化及电子商务情况,电子商务销售额 (亿元),22553.6,亿元
江苏,320000000000,2022,企业信息化及电子商务情况,电子商务采购额 (亿元),10566.5,亿元
江苏,320000000000,2021,企业信息化及电子商务情况,每百人使用计算机数 (台),31,台
江苏,320000000000,2021,企业信息化及电子商务情况,每百家企业拥有网站数 (个),53,个
江苏,320000000000,2021,企业信息化及电子商务情况,有电子商务交易活动的企业数 (个),14337,个
江苏,320000000000,2021,企业信息化及电子商务情况,有电子商务交易活动的企业数比重 (%),10.4,%
江苏,320000000000,2021,企业信息化及电子商务情况,电子商务销售额 (亿元),13386.1,亿元
江苏,320000000000,2021,企业信息化及电子商务情况,电子商务采购额 (亿元),7234.2,亿元
江苏,320000000000,2020,企业信息化及电子商务情况,每百人使用计算机数 (台),29,台
江苏,320000000000,2020,企业信息化及电子商务情况,每百家企业拥有网站数 (个),55,个
江苏,320000000000,2020,企业信息化及电子商务情况,有电子商务交易活动的企业数 (个),12511,个
江苏,320000000000,2020,企业信息化及电子商务情况,有电子商务交易活动的企业数比重 (%),10.4,%
江苏,320000000000,2020,企业信息化及电子商务情况,电子商务销售额 (亿元),13189.1,亿元
江苏,320000000000,2020,企业信息化及电子商务情况,电子商务采购额 (亿元),7713.0,亿元
江苏,320000000000,2019,企业信息化及电子商务情况,每百人使用计算机数 (台),27,台
江苏,320000000000,2019,企业信息化及电子商务情况,每百家企业拥有网站数 (个),60,个
江苏,320000000000,2019,企业信息化及电子商务情况,有电子商务交易活动的企业数 (个),9844,个
江苏,320000000000,2019,企业信息化及电子商务情况,有电子商务交易活动的企业数比重 (%),9.4,%
江苏,320000000000,2019,企业信息化及电子商务情况,电子商务销售额 (亿元),9873.8,亿元
江苏,320000000000,2019,企业信息化及电子商务情况,电子商务采购额 (亿元),7418.0,亿元
江苏,320000000000,2018,企业信息化及电子商务情况,每百人使用计算机数 (台),24,台
江苏,320000000000,2018,企业信息化及电子商务情况,每百家企业拥有网站数 (个),61,个
江苏,320000000000,2018,企业信息化及电子商务情况,有电子商务交易活动的企业数 (个),8939,个
江苏,320000000000,2018,企业信息化及电子商务情况,有电子商务交易活动的企业数比重 (%),8.6,%
江苏,320000000000,2018,企业信息化及电子商务情况,电子商务销售额 (亿元),8659.9,亿元
江苏,320000000000,2018,企业信息化及电子商务情况,电子商务采购额 (亿元),6534.8,亿元
江苏,320000000000,2017,企业信息化及电子商务情况,每百人使用计算机数 (台),22,台
江苏,320000000000,2017,企业信息化及电子商务情况,每百家企业拥有网站数 (个),64,个
江苏,320000000000,2017,企业信息化及电子商务情况,有电子商务交易活动的企业数 (个),8468,个
江苏,320000000000,2017,企业信息化及电子商务情况,有电子商务交易活动的企业数比重 (%),8.4,%
江苏,320000000000,2017,企业信息化及电子商务情况,电子商务销售额 (亿元),6576.6,亿元
江苏,320000000000,2017,企业信息化及电子商务情况,电子商务采购额 (亿元),5227.2,亿元
江苏,320000000000,2016,企业信息化及电子商务情况,每百人使用计算机数 (台),21,台
江苏,320000000000,2016,企业信息化及电子商务情况,每百家企业拥有网站数 (个),64,个
江苏,320000000000,2016,企业信息化及电子商务情况,有电子商务交易活动的企业数 (个),10008,个
江苏,320000000000,2016,企业信息化及电子商务情况,有电子商务交易活动的企业数比重 (%),9.6,%
江苏,320000000000,2016,企业信息化及电子商务情况,电子商务销售额 (亿元),5351.9,亿元
江苏,320000000000,2016,企业信息化及电子商务情况,电子商务采购额 (亿元),4406.3,亿元
江苏,320000000000,2015,企业信息化及电子商务情况,每百人使用计算机数 (台),20,台
江苏,320000000000,2015,企业信息化及电子商务情况,每百家企业拥有网站数 (个),64,个
江苏,320000000000,2015,企业信息化及电子商务情况,有电子商务交易活动的企业数 (个),11257,个
江苏,320000000000,2015,企业信息化及电子商务情况,有电子商务交易活动的企业数比重 (%),11.0,%
江苏,320000000000,2015,企业信息化及电子商务情况,电子商务销售额 (亿元),5193.5,亿元
江苏,320000000000,2015,企业信息化及电子商务情况,电子商务采购额 (亿元),4315.3,亿元
浙江,330000000000,2024,企业信息化及电子商务情况,每百人使用计算机数 (台),37,台
浙江,330000000000,2024,企业信息化及电子商务情况,每百家企业拥有网站数 (个),40,个
浙江,330000000000,2024,企业信息化及电子商务情况,有电子商务交易活动的企业数 (个),19861,个
浙江,330000000000,2024,企业信息化及电子商务情况,电子商务销售额 (亿元),27311.2,亿元
浙江,330000000000,2024,企业信息化及电子商务情况,电子商务采购额 (亿元),8845.3,亿元
浙江,330000000000,2023,企业信息化及电子商务情况,每百人使用计算机数 (台),36,台
浙江,330000000000,2023,企业信息化及电子商务情况,每百家企业拥有网站数 (个),44,个
浙江,330000000000,2023,企业信息化及电子商务情况,有电子商务交易活动的企业数 (个),19299,个
浙江,330000000000,2023,企业信息化及电子商务情况,有电子商务交易活动的企业数比重 (%),15.0,%
浙江,330000000000,2023,企业信息化及电子商务情况,电子商务销售额 (亿元),23463.9,亿元
浙江,330000000000,2023,企业信息化及电子商务情况,电子商务采购额 (亿元),7757.3,亿元
浙江,330000000000,2022,企业信息化及电子商务情况,每百人使用计算机数 (台),33,台
浙江,330000000000,2022,企业信息化及电子商务情况,每百家企业拥有网站数 (个),44,个
浙江,330000000000,2022,企业信息化及电子商务情况,有电子商务交易活动的企业数 (个),13539,个
浙江,330000000000,2022,企业信息化及电子商务情况,有电子商务交易活动的企业数比重 (%),11.0,%
浙江,330000000000,2022,企业信息化及电子商务情况,电子商务销售额 (亿元),18144.1,亿元
浙江,330000000000,2022,企业信息化及电子商务情况,电子商务采购额 (亿元),5841.2,亿元
浙江,330000000000,2021,企业信息化及电子商务情况,每百人使用计算机数 (台),32,台
浙江,330000000000,2021,企业信息化及电子商务情况,每百家企业拥有网站数 (个),47,个
浙江,330000000000,2021,企业信息化及电子商务情况,有电子商务交易活动的企业数 (个),13726,个
浙江,330000000000,2021,企业信息化及电子商务情况,有电子商务交易活动的企业数比重 (%),11.9,%
浙江,330000000000,2021,企业信息化及电子商务情况,电子商务销售额 (亿元),14913.5,亿元
浙江,330000000000,2021,企业信息化及电子商务情况,电子商务采购额 (亿元),4982.5,亿元
浙江,330000000000,2020,企业信息化及电子商务情况,每百人使用计算机数 (台),32,台
浙江,330000000000,2020,企业信息化及电子商务情况,每百家企业拥有网站数 (个),48,个
浙江,330000000000,2020,企业信息化及电子商务情况,有电子商务交易活动的企业数 (个),12563,个
浙江,330000000000,2020,企业信息化及电子商务情况,有电子商务交易活动的企业数比重 (%),12.2,%
浙江,330000000000,2020,企业信息化及电子商务情况,电子商务销售额 (亿元),12124.5,亿元
浙江,330000000000,2020,企业信息化及电子商务情况,电子商务采购额 (亿元),4377.1,亿元
浙江,330000000000,2019,企业信息化及电子商务情况,每百人使用计算机数 (台),28,台
浙江,330000000000,2019,企业信息化及电子商务情况,每百家企业拥有网站数 (个),48,个
浙江,330000000000,2019,企业信息化及电子商务情况,有电子商务交易活动的企业数 (个),11353,个
浙江,330000000000,2019,企业信息化及电子商务情况,有电子商务交易活动的企业数比重 (%),11.7,%
浙江,330000000000,2019,企业信息化及电子商务情况,电子商务销售额 (亿元),11482.0,亿元
浙江,330000000000,2019,企业信息化及电子商务情况,电子商务采购额 (亿元),4005.2,亿元
浙江,330000000000,2018,企业信息化及电子商务情况,每百人使用计算机数 (台),24,台
浙江,330000000000,2018,企业信息化及电子商务情况,每百家企业拥有网站数 (个),53,个
浙江,330000000000,2018,企业信息化及电子商务情况,有电子商务交易活动的企业数 (个),10558,个
浙江,330000000000,2018,企业信息化及电子商务情况,有电子商务交易活动的企业数比重 (%),11.9,%
浙江,330000000000,2018,企业信息化及电子商务情况,电子商务销售额 (亿元),8846.5,亿元
浙江,330000000000,2018,企业信息化及电子商务情况,电子商务采购额 (亿元),2648.9,亿元
浙江,330000000000,2017,企业信息化及电子商务情况,每百人使用计算机数 (台),22,台
浙江,330000000000,2017,企业信息化及电子商务情况,每百家企业拥有网站数 (个),56,个
浙江,330000000000,2017,企业信息化及电子商务情况,有电子商务交易活动的企业数 (个),10775,个
浙江,330000000000,2017,企业信息化及电子商务情况,有电子商务交易活动的企业数比重 (%),12.7,%
浙江,330000000000,2017,企业信息化及电子商务情况,电子商务销售额 (亿元),6831.3,亿元
浙江,330000000000,2017,企业信息化及电子商务情况,电子商务采购额 (亿元),2528.7,亿元
浙江,330000000000,2016,企业信息化及电子商务情况,每百人使用计算机数 (台),22,台
浙江,330000000000,2016,企业信息化及电子商务情况,每百家企业拥有网站数 (个),58,个
浙江,330000000000,2016,企业信息化及电子商务情况,有电子商务交易活动的企业数 (个),12240,个
浙江,330000000000,2016,企业信息化及电子商务情况,有电子商务交易活动的企业数比重 (%),14.9,%
浙江,330000000000,2016,企业信息化及电子商务情况,电子商务销售额 (亿元),6846.8,亿元
浙江,330000000000,2016,企业信息化及电子商务情况,电子商务采购额 (亿元),2261.6,亿元
浙江,330000000000,2015,企业信息化及电子商务情况,每百人使用计算机数 (台),20,台
浙江,330000000000,2015,企业信息化及电子商务情况,每百家企业拥有网站数 (个),59,个
浙江,330000000000,2015,企业信息化及电子商务情况,有电子商务交易活动的企业数 (个),10707,个
浙江,330000000000,2015,企业信息化及电子商务情况,有电子商务交易活动的企业数比重 (%),13.2,%
浙江,330000000000,2015,企业信息化及电子商务情况,电子商务销售额 (亿元),5581.2,亿元
浙江,330000000000,2015,企业信息化及电子商务情况,电子商务采购额 (亿元),1751.6,亿元
安徽,340000000000,2024,企业信息化及电子商务情况,每百人使用计算机数 (台),31,台
安徽,340000000000,2024,企业信息化及电子商务情况,每百家企业拥有网站数 (个),38,个
安徽,340000000000,2024,企业信息化及电子商务情况,有电子商务交易活动的企业数 (个),7057,个
安徽,340000000000,2024,企业信息化及电子商务情况,电子商务销售额 (亿元),11568.9,亿元
安徽,340000000000,2024,企业信息化及电子商务情况,电子商务采购额 (亿元),5567.9,亿元
安徽,340000000000,2023,企业信息化及电子商务情况,每百人使用计算机数 (台),30,台
安徽,340000000000,2023,企业信息化及电子商务情况,每百家企业拥有网站数 (个),44,个
安徽,340000000000,2023,企业信息化及电子商务情况,有电子商务交易活动的企业数 (个),7565,个
安徽,340000000000,2023,企业信息化及电子商务情况,有电子商务交易活动的企业数比重 (%),13.8,%
安徽,340000000000,2023,企业信息化及电子商务情况,电子商务销售额 (亿元),10202.2,亿元
安徽,340000000000,2023,企业信息化及电子商务情况,电子商务采购额 (亿元),4987.1,亿元
安徽,340000000000,2022,企业信息化及电子商务情况,每百人使用计算机数 (台),29,台
安徽,340000000000,2022,企业信息化及电子商务情况,每百家企业拥有网站数 (个),45,个
安徽,340000000000,2022,企业信息化及电子商务情况,有电子商务交易活动的企业数 (个),5877,个
安徽,340000000000,2022,企业信息化及电子商务情况,有电子商务交易活动的企业数比重 (%),11.2,%
安徽,340000000000,2022,企业信息化及电子商务情况,电子商务销售额 (亿元),8780.4,亿元
安徽,340000000000,2022,企业信息化及电子商务情况,电子商务采购额 (亿元),3944.2,亿元
安徽,340000000000,2021,企业信息化及电子商务情况,每百人使用计算机数 (台),28,台
安徽,340000000000,2021,企业信息化及电子商务情况,每百家企业拥有网站数 (个),55,个
安徽,340000000000,2021,企业信息化及电子商务情况,有电子商务交易活动的企业数 (个),5878,个
安徽,340000000000,2021,企业信息化及电子商务情况,有电子商务交易活动的企业数比重 (%),12.5,%
安徽,340000000000,2021,企业信息化及电子商务情况,电子商务销售额 (亿元),7461.9,亿元
安徽,340000000000,2021,企业信息化及电子商务情况,电子商务采购额 (亿元),3647.2,亿元
安徽,340000000000,2020,企业信息化及电子商务情况,每百人使用计算机数 (台),27,台
安徽,340000000000,2020,企业信息化及电子商务情况,每百家企业拥有网站数 (个),57,个
安徽,340000000000,2020,企业信息化及电子商务情况,有电子商务交易活动的企业数 (个),5698,个
安徽,340000000000,2020,企业信息化及电子商务情况,有电子商务交易活动的企业数比重 (%),13.3,%
安徽,340000000000,2020,企业信息化及电子商务情况,电子商务销售额 (亿元),6281.1,亿元
安徽,340000000000,2020,企业信息化及电子商务情况,电子商务采购额 (亿元),2734.4,亿元
安徽,340000000000,2019,企业信息化及电子商务情况,每百人使用计算机数 (台),25,台
安徽,340000000000,2019,企业信息化及电子商务情况,每百家企业拥有网站数 (个),60,个
安徽,340000000000,2019,企业信息化及电子商务情况,有电子商务交易活动的企业数 (个),5830,个
安徽,340000000000,2019,企业信息化及电子商务情况,有电子商务交易活动的企业数比重 (%),14.4,%
安徽,340000000000,2019,企业信息化及电子商务情况,电子商务销售额 (亿元),5569.6,亿元
安徽,340000000000,2019,企业信息化及电子商务情况,电子商务采购额 (亿元),2231.3,亿元
安徽,340000000000,2018,企业信息化及电子商务情况,每百人使用计算机数 (台),23,台
安徽,340000000000,2018,企业信息化及电子商务情况,每百家企业拥有网站数 (个),62,个
安徽,340000000000,2018,企业信息化及电子商务情况,有电子商务交易活动的企业数 (个),4704,个
安徽,340000000000,2018,企业信息化及电子商务情况,有电子商务交易活动的企业数比重 (%),11.8,%
安徽,340000000000,2018,企业信息化及电子商务情况,电子商务销售额 (亿元),4864.4,亿元
安徽,340000000000,2018,企业信息化及电子商务情况,电子商务采购额 (亿元),2103.2,亿元
安徽,340000000000,2017,企业信息化及电子商务情况,每百人使用计算机数 (台),22,台
安徽,340000000000,2017,企业信息化及电子商务情况,每百家企业拥有网站数 (个),67,个
安徽,340000000000,2017,企业信息化及电子商务情况,有电子商务交易活动的企业数 (个),4510,个
安徽,340000000000,2017,企业信息化及电子商务情况,有电子商务交易活动的企业数比重 (%),11.5,%
安徽,340000000000,2017,企业信息化及电子商务情况,电子商务销售额 (亿元),3299.5,亿元
安徽,340000000000,2017,企业信息化及电子商务情况,电子商务采购额 (亿元),1951.2,亿元
安徽,340000000000,2016,企业信息化及电子商务情况,每百人使用计算机数 (台),20,台
安徽,340000000000,2016,企业信息化及电子商务情况,每百家企业拥有网站数 (个),67,个
安徽,340000000000,2016,企业信息化及电子商务情况,有电子商务交易活动的企业数 (个),5001,个
安徽,340000000000,2016,企业信息化及电子商务情况,有电子商务交易活动的企业数比重 (%),12.7,%
安徽,340000000000,2016,企业信息化及电子商务情况,电子商务销售额 (亿元),2894.7,亿元
安徽,340000000000,2016,企业信息化及电子商务情况,电子商务采购额 (亿元),1967.7,亿元
安徽,340000000000,2015,企业信息化及电子商务情况,每百人使用计算机数 (台),20,台
安徽,340000000000,2015,企业信息化及电子商务情况,每百家企业拥有网站数 (个),65,个
安徽,340000000000,2015,企业信息化及电子商务情况,有电子商务交易活动的企业数 (个),4573,个
安徽,340000000000,2015,企业信息化及电子商务情况,有电子商务交易活动的企业数比重 (%),12.3,%
安徽,340000000000,2015,企业信息化及电子商务情况,电子商务销售额 (亿元),2444.3,亿元
安徽,340000000000,2015,企业信息化及电子商务情况,电子商务采购额 (亿元),1921.8,亿元
福建,350000000000,2024,企业信息化及电子商务情况,每百人使用计算机数 (台),30,台
福建,350000000000,2024,企业信息化及电子商务情况,每百家企业拥有网站数 (个),29,个
福建,350000000000,2024,企业信息化及电子商务情况,有电子商务交易活动的企业数 (个),9134,个
福建,350000000000,2024,企业信息化及电子商务情况,电子商务销售额 (亿元),13504.5,亿元
福建,350000000000,2024,企业信息化及电子商务情况,电子商务采购额 (亿元),2617.6,亿元
福建,350000000000,2023,企业信息化及电子商务情况,每百人使用计算机数 (台),29,台
福建,350000000000,2023,企业信息化及电子商务情况,每百家企业拥有网站数 (个),32,个
福建,350000000000,2023,企业信息化及电子商务情况,有电子商务交易活动的企业数 (个),8857,个
福建,350000000000,2023,企业信息化及电子商务情况,有电子商务交易活动的企业数比重 (%),13.0,%
福建,350000000000,2023,企业信息化及电子商务情况,电子商务销售额 (亿元),12541.3,亿元
福建,350000000000,2023,企业信息化及电子商务情况,电子商务采购额 (亿元),2862.4,亿元
福建,350000000000,2022,企业信息化及电子商务情况,每百人使用计算机数 (台),24,台
福建,350000000000,2022,企业信息化及电子商务情况,每百家企业拥有网站数 (个),34,个
福建,350000000000,2022,企业信息化及电子商务情况,有电子商务交易活动的企业数 (个),6587,个
福建,350000000000,2022,企业信息化及电子商务情况,有电子商务交易活动的企业数比重 (%),10.3,%
福建,350000000000,2022,企业信息化及电子商务情况,电子商务销售额 (亿元),8465.2,亿元
福建,350000000000,2022,企业信息化及电子商务情况,电子商务采购额 (亿元),2240.8,亿元
福建,350000000000,2021,企业信息化及电子商务情况,每百人使用计算机数 (台),23,台
福建,350000000000,2021,企业信息化及电子商务情况,每百家企业拥有网站数 (个),39,个
福建,350000000000,2021,企业信息化及电子商务情况,有电子商务交易活动的企业数 (个),6786,个
福建,350000000000,2021,企业信息化及电子商务情况,有电子商务交易活动的企业数比重 (%),11.8,%
福建,350000000000,2021,企业信息化及电子商务情况,电子商务销售额 (亿元),6397.2,亿元
福建,350000000000,2021,企业信息化及电子商务情况,电子商务采购额 (亿元),2292.4,亿元
福建,350000000000,2020,企业信息化及电子商务情况,每百人使用计算机数 (台),22,台
福建,350000000000,2020,企业信息化及电子商务情况,每百家企业拥有网站数 (个),40,个
福建,350000000000,2020,企业信息化及电子商务情况,有电子商务交易活动的企业数 (个),6403,个
福建,350000000000,2020,企业信息化及电子商务情况,有电子商务交易活动的企业数比重 (%),11.9,%
福建,350000000000,2020,企业信息化及电子商务情况,电子商务销售额 (亿元),5082.2,亿元
福建,350000000000,2020,企业信息化及电子商务情况,电子商务采购额 (亿元),1767.2,亿元
福建,350000000000,2019,企业信息化及电子商务情况,每百人使用计算机数 (台),19,台
福建,350000000000,2019,企业信息化及电子商务情况,每百家企业拥有网站数 (个),40,个
福建,350000000000,2019,企业信息化及电子商务情况,有电子商务交易活动的企业数 (个),5749,个
福建,350000000000,2019,企业信息化及电子商务情况,有电子商务交易活动的企业数比重 (%),11.2,%
福建,350000000000,2019,企业信息化及电子商务情况,电子商务销售额 (亿元),4477.9,亿元
福建,350000000000,2019,企业信息化及电子商务情况,电子商务采购额 (亿元),1725.1,亿元
福建,350000000000,2018,企业信息化及电子商务情况,每百人使用计算机数 (台),17,台
福建,350000000000,2018,企业信息化及电子商务情况,每百家企业拥有网站数 (个),44,个
福建,350000000000,2018,企业信息化及电子商务情况,有电子商务交易活动的企业数 (个),5028,个
福建,350000000000,2018,企业信息化及电子商务情况,有电子商务交易活动的企业数比重 (%),10.8,%
福建,350000000000,2018,企业信息化及电子商务情况,电子商务销售额 (亿元),3481.0,亿元
福建,350000000000,2018,企业信息化及电子商务情况,电子商务采购额 (亿元),998.1,亿元
福建,350000000000,2017,企业信息化及电子商务情况,每百人使用计算机数 (台),18,台
福建,350000000000,2017,企业信息化及电子商务情况,每百家企业拥有网站数 (个),47,个
福建,350000000000,2017,企业信息化及电子商务情况,有电子商务交易活动的企业数 (个),4887,个
福建,350000000000,2017,企业信息化及电子商务情况,有电子商务交易活动的企业数比重 (%),10.9,%
福建,350000000000,2017,企业信息化及电子商务情况,电子商务销售额 (亿元),2872.8,亿元
福建,350000000000,2017,企业信息化及电子商务情况,电子商务采购额 (亿元),1043.3,亿元
福建,350000000000,2016,企业信息化及电子商务情况,每百人使用计算机数 (台),18,台
福建,350000000000,2016,企业信息化及电子商务情况,每百家企业拥有网站数 (个),49,个
福建,350000000000,2016,企业信息化及电子商务情况,有电子商务交易活动的企业数 (个),5158,个
福建,350000000000,2016,企业信息化及电子商务情况,有电子商务交易活动的企业数比重 (%),12.2,%
福建,350000000000,2016,企业信息化及电子商务情况,电子商务销售额 (亿元),2399.3,亿元
福建,350000000000,2016,企业信息化及电子商务情况,电子商务采购额 (亿元),877.9,亿元
福建,350000000000,2015,企业信息化及电子商务情况,每百人使用计算机数 (台),17,台
福建,350000000000,2015,企业信息化及电子商务情况,每百家企业拥有网站数 (个),52,个
福建,350000000000,2015,企业信息化及电子商务情况,有电子商务交易活动的企业数 (个),4070,个
福建,350000000000,2015,企业信息化及电子商务情况,有电子商务交易活动的企业数比重 (%),10.2,%
福建,350000000000,2015,企业信息化及电子商务情况,电子商务销售额 (亿元),2325.2,亿元
福建,350000000000,2015,企业信息化及电子商务情况,电子商务采购额 (亿元),820.3,亿元
江西,360000000000,2024,企业信息化及电子商务情况,每百人使用计算机数 (台),31,台
江西,360000000000,2024,企业信息化及电子商务情况,每百家企业拥有网站数 (个),22,个
江西,360000000000,2024,企业信息化及电子商务情况,有电子商务交易活动的企业数 (个),6792,个
江西,360000000000,2024,企业信息化及电子商务情况,电子商务销售额 (亿元),4765.4,亿元
江西,360000000000,2024,企业信息化及电子商务情况,电子商务采购额 (亿元),1360.6,亿元
江西,360000000000,2023,企业信息化及电子商务情况,每百人使用计算机数 (台),29,台
江西,360000000000,2023,企业信息化及电子商务情况,每百家企业拥有网站数 (个),37,个
江西,360000000000,2023,企业信息化及电子商务情况,有电子商务交易活动的企业数 (个),6790,个
江西,360000000000,2023,企业信息化及电子商务情况,有电子商务交易活动的企业数比重 (%),13.6,%
江西,360000000000,2023,企业信息化及电子商务情况,电子商务销售额 (亿元),5007.8,亿元
江西,360000000000,2023,企业信息化及电子商务情况,电子商务采购额 (亿元),1411.3,亿元
江西,360000000000,2022,企业信息化及电子商务情况,每百人使用计算机数 (台),25,台
江西,360000000000,2022,企业信息化及电子商务情况,每百家企业拥有网站数 (个),39,个
江西,360000000000,2022,企业信息化及电子商务情况,有电子商务交易活动的企业数 (个),4337,个
江西,360000000000,2022,企业信息化及电子商务情况,有电子商务交易活动的企业数比重 (%),9.8,%
江西,360000000000,2022,企业信息化及电子商务情况,电子商务销售额 (亿元),3908.3,亿元
江西,360000000000,2022,企业信息化及电子商务情况,电子商务采购额 (亿元),1275.1,亿元
江西,360000000000,2021,企业信息化及电子商务情况,每百人使用计算机数 (台),25,台
江西,360000000000,2021,企业信息化及电子商务情况,每百家企业拥有网站数 (个),48,个
江西,360000000000,2021,企业信息化及电子商务情况,有电子商务交易活动的企业数 (个),3972,个
江西,360000000000,2021,企业信息化及电子商务情况,有电子商务交易活动的企业数比重 (%),10.6,%
江西,360000000000,2021,企业信息化及电子商务情况,电子商务销售额 (亿元),3807.7,亿元
江西,360000000000,2021,企业信息化及电子商务情况,电子商务采购额 (亿元),1860.1,亿元
江西,360000000000,2020,企业信息化及电子商务情况,每百人使用计算机数 (台),24,台
江西,360000000000,2020,企业信息化及电子商务情况,每百家企业拥有网站数 (个),49,个
江西,360000000000,2020,企业信息化及电子商务情况,有电子商务交易活动的企业数 (个),3259,个
江西,360000000000,2020,企业信息化及电子商务情况,有电子商务交易活动的企业数比重 (%),10.2,%
江西,360000000000,2020,企业信息化及电子商务情况,电子商务销售额 (亿元),3294.2,亿元
江西,360000000000,2020,企业信息化及电子商务情况,电子商务采购额 (亿元),1585.2,亿元
江西,360000000000,2019,企业信息化及电子商务情况,每百人使用计算机数 (台),22,台
江西,360000000000,2019,企业信息化及电子商务情况,每百家企业拥有网站数 (个),49,个
江西,360000000000,2019,企业信息化及电子商务情况,有电子商务交易活动的企业数 (个),2658,个
江西,360000000000,2019,企业信息化及电子商务情况,有电子商务交易活动的企业数比重 (%),9.1,%
江西,360000000000,2019,企业信息化及电子商务情况,电子商务销售额 (亿元),2968.5,亿元
江西,360000000000,2019,企业信息化及电子商务情况,电子商务采购额 (亿元),1369.1,亿元
江西,360000000000,2018,企业信息化及电子商务情况,每百人使用计算机数 (台),19,台
江西,360000000000,2018,企业信息化及电子商务情况,每百家企业拥有网站数 (个),51,个
江西,360000000000,2018,企业信息化及电子商务情况,有电子商务交易活动的企业数 (个),2234,个
江西,360000000000,2018,企业信息化及电子商务情况,有电子商务交易活动的企业数比重 (%),8.3,%
江西,360000000000,2018,企业信息化及电子商务情况,电子商务销售额 (亿元),2817.9,亿元
江西,360000000000,2018,企业信息化及电子商务情况,电子商务采购额 (亿元),1048.9,亿元
江西,360000000000,2017,企业信息化及电子商务情况,每百人使用计算机数 (台),17,台
江西,360000000000,2017,企业信息化及电子商务情况,每百家企业拥有网站数 (个),53,个
江西,360000000000,2017,企业信息化及电子商务情况,有电子商务交易活动的企业数 (个),1925,个
江西,360000000000,2017,企业信息化及电子商务情况,有电子商务交易活动的企业数比重 (%),7.7,%
江西,360000000000,2017,企业信息化及电子商务情况,电子商务销售额 (亿元),2871.0,亿元
江西,360000000000,2017,企业信息化及电子商务情况,电子商务采购额 (亿元),940.7,亿元
江西,360000000000,2016,企业信息化及电子商务情况,每百人使用计算机数 (台),15,台
江西,360000000000,2016,企业信息化及电子商务情况,每百家企业拥有网站数 (个),53,个
江西,360000000000,2016,企业信息化及电子商务情况,有电子商务交易活动的企业数 (个),1637,个
江西,360000000000,2016,企业信息化及电子商务情况,有电子商务交易活动的企业数比重 (%),7.3,%
江西,360000000000,2016,企业信息化及电子商务情况,电子商务销售额 (亿元),2288.1,亿元
江西,360000000000,2016,企业信息化及电子商务情况,电子商务采购额 (亿元),657.6,亿元
江西,360000000000,2015,企业信息化及电子商务情况,每百人使用计算机数 (台),15,台
江西,360000000000,2015,企业信息化及电子商务情况,每百家企业拥有网站数 (个),60,个
江西,360000000000,2015,企业信息化及电子商务情况,有电子商务交易活动的企业数 (个),1848,个
江西,360000000000,2015,企业信息化及电子商务情况,有电子商务交易活动的企业数比重 (%),9.4,%
江西,360000000000,2015,企业信息化及电子商务情况,电子商务销售额 (亿元),1990.0,亿元
江西,360000000000,2015,企业信息化及电子商务情况,电子商务采购额 (亿元),575.2,亿元
山东,370000000000,2024,企业信息化及电子商务情况,每百人使用计算机数 (台),36,台
山东,370000000000,2024,企业信息化及电子商务情况,每百家企业拥有网站数 (个),36,个
山东,370000000000,2024,企业信息化及电子商务情况,有电子商务交易活动的企业数 (个),21871,个
山东,370000000000,2024,企业信息化及电子商务情况,电子商务销售额 (亿元),34535.2,亿元
山东,370000000000,2024,企业信息化及电子商务情况,电子商务采购额 (亿元),15064.5,亿元
山东,370000000000,2023,企业信息化及电子商务情况,每百人使用计算机数 (台),34,台
山东,370000000000,2023,企业信息化及电子商务情况,每百家企业拥有网站数 (个),42,个
山东,370000000000,2023,企业信息化及电子商务情况,有电子商务交易活动的企业数 (个),22920,个
山东,370000000000,2023,企业信息化及电子商务情况,有电子商务交易活动的企业数比重 (%),19.1,%
山东,370000000000,2023,企业信息化及电子商务情况,电子商务销售额 (亿元),33152.4,亿元
山东,370000000000,2023,企业信息化及电子商务情况,电子商务采购额 (亿元),13864.8,亿元
山东,370000000000,2022,企业信息化及电子商务情况,每百人使用计算机数 (台),34,台
山东,370000000000,2022,企业信息化及电子商务情况,每百家企业拥有网站数 (个),44,个
山东,370000000000,2022,企业信息化及电子商务情况,有电子商务交易活动的企业数 (个),12676,个
山东,370000000000,2022,企业信息化及电子商务情况,有电子商务交易活动的企业数比重 (%),12.8,%
山东,370000000000,2022,企业信息化及电子商务情况,电子商务销售额 (亿元),24263.8,亿元
山东,370000000000,2022,企业信息化及电子商务情况,电子商务采购额 (亿元),11298.2,亿元
山东,370000000000,2021,企业信息化及电子商务情况,每百人使用计算机数 (台),32,台
山东,370000000000,2021,企业信息化及电子商务情况,每百家企业拥有网站数 (个),47,个
山东,370000000000,2021,企业信息化及电子商务情况,有电子商务交易活动的企业数 (个),13120,个
山东,370000000000,2021,企业信息化及电子商务情况,有电子商务交易活动的企业数比重 (%),14.8,%
山东,370000000000,2021,企业信息化及电子商务情况,电子商务销售额 (亿元),17145.5,亿元
山东,370000000000,2021,企业信息化及电子商务情况,电子商务采购额 (亿元),9115.6,亿元
山东,370000000000,2020,企业信息化及电子商务情况,每百人使用计算机数 (台),30,台
山东,370000000000,2020,企业信息化及电子商务情况,每百家企业拥有网站数 (个),50,个
山东,370000000000,2020,企业信息化及电子商务情况,有电子商务交易活动的企业数 (个),9777,个
山东,370000000000,2020,企业信息化及电子商务情况,有电子商务交易活动的企业数比重 (%),12.6,%
山东,370000000000,2020,企业信息化及电子商务情况,电子商务销售额 (亿元),13819.8,亿元
山东,370000000000,2020,企业信息化及电子商务情况,电子商务采购额 (亿元),7629.8,亿元
山东,370000000000,2019,企业信息化及电子商务情况,每百人使用计算机数 (台),27,台
山东,370000000000,2019,企业信息化及电子商务情况,每百家企业拥有网站数 (个),52,个
山东,370000000000,2019,企业信息化及电子商务情况,有电子商务交易活动的企业数 (个),8351,个
山东,370000000000,2019,企业信息化及电子商务情况,有电子商务交易活动的企业数比重 (%),12.5,%
山东,370000000000,2019,企业信息化及电子商务情况,电子商务销售额 (亿元),12882.4,亿元
山东,370000000000,2019,企业信息化及电子商务情况,电子商务采购额 (亿元),7959.8,亿元
山东,370000000000,2018,企业信息化及电子商务情况,每百人使用计算机数 (台),24,台
山东,370000000000,2018,企业信息化及电子商务情况,每百家企业拥有网站数 (个),53,个
山东,370000000000,2018,企业信息化及电子商务情况,有电子商务交易活动的企业数 (个),10654,个
山东,370000000000,2018,企业信息化及电子商务情况,有电子商务交易活动的企业数比重 (%),13.5,%
山东,370000000000,2018,企业信息化及电子商务情况,电子商务销售额 (亿元),15992.2,亿元
山东,370000000000,2018,企业信息化及电子商务情况,电子商务采购额 (亿元),10034.3,亿元
山东,370000000000,2017,企业信息化及电子商务情况,每百人使用计算机数 (台),20,台
山东,370000000000,2017,企业信息化及电子商务情况,每百家企业拥有网站数 (个),53,个
山东,370000000000,2017,企业信息化及电子商务情况,有电子商务交易活动的企业数 (个),7445,个
山东,370000000000,2017,企业信息化及电子商务情况,有电子商务交易活动的企业数比重 (%),9.0,%
山东,370000000000,2017,企业信息化及电子商务情况,电子商务销售额 (亿元),13893.0,亿元
山东,370000000000,2017,企业信息化及电子商务情况,电子商务采购额 (亿元),8292.1,亿元
山东,370000000000,2016,企业信息化及电子商务情况,每百人使用计算机数 (台),19,台
山东,370000000000,2016,企业信息化及电子商务情况,每百家企业拥有网站数 (个),54,个
山东,370000000000,2016,企业信息化及电子商务情况,有电子商务交易活动的企业数 (个),8358,个
山东,370000000000,2016,企业信息化及电子商务情况,有电子商务交易活动的企业数比重 (%),9.9,%
山东,370000000000,2016,企业信息化及电子商务情况,电子商务销售额 (亿元),9890.2,亿元
山东,370000000000,2016,企业信息化及电子商务情况,电子商务采购额 (亿元),6349.1,亿元
山东,370000000000,2015,企业信息化及电子商务情况,每百人使用计算机数 (台),18,台
山东,370000000000,2015,企业信息化及电子商务情况,每百家企业拥有网站数 (个),54,个
山东,370000000000,2015,企业信息化及电子商务情况,有电子商务交易活动的企业数 (个),5550,个
山东,370000000000,2015,企业信息化及电子商务情况,有电子商务交易活动的企业数比重 (%),6.6,%
山东,370000000000,2015,企业信息化及电子商务情况,电子商务销售额 (亿元),5989.2,亿元
山东,370000000000,2015,企业信息化及电子商务情况,电子商务采购额 (亿元),3713.2,亿元
河南,410000000000,2024,企业信息化及电子商务情况,每百人使用计算机数 (台),32,台
河南,410000000000,2024,企业信息化及电子商务情况,每百家企业拥有网站数 (个),32,个
河南,410000000000,2024,企业信息化及电子商务情况,有电子商务交易活动的企业数 (个),6797,个
河南,410000000000,2024,企业信息化及电子商务情况,电子商务销售额 (亿元),9664.9,亿元
河南,410000000000,2024,企业信息化及电子商务情况,电子商务采购额 (亿元),3732.6,亿元
河南,410000000000,2023,企业信息化及电子商务情况,每百人使用计算机数 (台),30,台
河南,410000000000,2023,企业信息化及电子商务情况,每百家企业拥有网站数 (个),35,个
河南,410000000000,2023,企业信息化及电子商务情况,有电子商务交易活动的企业数 (个),6438,个
河南,410000000000,2023,企业信息化及电子商务情况,有电子商务交易活动的企业数比重 (%),9.1,%
河南,410000000000,2023,企业信息化及电子商务情况,电子商务销售额 (亿元),9813.3,亿元
河南,410000000000,2023,企业信息化及电子商务情况,电子商务采购额 (亿元),3953.7,亿元
河南,410000000000,2022,企业信息化及电子商务情况,每百人使用计算机数 (台),24,台
河南,410000000000,2022,企业信息化及电子商务情况,每百家企业拥有网站数 (个),36,个
河南,410000000000,2022,企业信息化及电子商务情况,有电子商务交易活动的企业数 (个),3850,个
河南,410000000000,2022,企业信息化及电子商务情况,有电子商务交易活动的企业数比重 (%),5.6,%
河南,410000000000,2022,企业信息化及电子商务情况,电子商务销售额 (亿元),5947.0,亿元
河南,410000000000,2022,企业信息化及电子商务情况,电子商务采购额 (亿元),3205.6,亿元
河南,410000000000,2021,企业信息化及电子商务情况,每百人使用计算机数 (台),22,台
河南,410000000000,2021,企业信息化及电子商务情况,每百家企业拥有网站数 (个),40,个
河南,410000000000,2021,企业信息化及电子商务情况,有电子商务交易活动的企业数 (个),4291,个
河南,410000000000,2021,企业信息化及电子商务情况,有电子商务交易活动的企业数比重 (%),7.1,%
河南,410000000000,2021,企业信息化及电子商务情况,电子商务销售额 (亿元),5088.3,亿元
河南,410000000000,2021,企业信息化及电子商务情况,电子商务采购额 (亿元),3523.6,亿元
河南,410000000000,2020,企业信息化及电子商务情况,每百人使用计算机数 (台),21,台
河南,410000000000,2020,企业信息化及电子商务情况,每百家企业拥有网站数 (个),43,个
河南,410000000000,2020,企业信息化及电子商务情况,有电子商务交易活动的企业数 (个),4191,个
河南,410000000000,2020,企业信息化及电子商务情况,有电子商务交易活动的企业数比重 (%),7.5,%
河南,410000000000,2020,企业信息化及电子商务情况,电子商务销售额 (亿元),4254.2,亿元
河南,410000000000,2020,企业信息化及电子商务情况,电子商务采购额 (亿元),2672.1,亿元
河南,410000000000,2019,企业信息化及电子商务情况,每百人使用计算机数 (台),19,台
河南,410000000000,2019,企业信息化及电子商务情况,每百家企业拥有网站数 (个),45,个
河南,410000000000,2019,企业信息化及电子商务情况,有电子商务交易活动的企业数 (个),3831,个
河南,410000000000,2019,企业信息化及电子商务情况,有电子商务交易活动的企业数比重 (%),7.0,%
河南,410000000000,2019,企业信息化及电子商务情况,电子商务销售额 (亿元),4262.3,亿元
河南,410000000000,2019,企业信息化及电子商务情况,电子商务采购额 (亿元),2460.1,亿元
河南,410000000000,2018,企业信息化及电子商务情况,每百人使用计算机数 (台),17,台
河南,410000000000,2018,企业信息化及电子商务情况,每百家企业拥有网站数 (个),48,个
河南,410000000000,2018,企业信息化及电子商务情况,有电子商务交易活动的企业数 (个),3618,个
河南,410000000000,2018,企业信息化及电子商务情况,有电子商务交易活动的企业数比重 (%),6.8,%
河南,410000000000,2018,企业信息化及电子商务情况,电子商务销售额 (亿元),5183.9,亿元
河南,410000000000,2018,企业信息化及电子商务情况,电子商务采购额 (亿元),2220.2,亿元
河南,410000000000,2017,企业信息化及电子商务情况,每百人使用计算机数 (台),14,台
河南,410000000000,2017,企业信息化及电子商务情况,每百家企业拥有网站数 (个),47,个
河南,410000000000,2017,企业信息化及电子商务情况,有电子商务交易活动的企业数 (个),3672,个
河南,410000000000,2017,企业信息化及电子商务情况,有电子商务交易活动的企业数比重 (%),6.3,%
河南,410000000000,2017,企业信息化及电子商务情况,电子商务销售额 (亿元),4407.4,亿元
河南,410000000000,2017,企业信息化及电子商务情况,电子商务采购额 (亿元),1752.7,亿元
河南,410000000000,2016,企业信息化及电子商务情况,每百人使用计算机数 (台),14,台
河南,410000000000,2016,企业信息化及电子商务情况,每百家企业拥有网站数 (个),45,个
河南,410000000000,2016,企业信息化及电子商务情况,有电子商务交易活动的企业数 (个),4011,个
河南,410000000000,2016,企业信息化及电子商务情况,有电子商务交易活动的企业数比重 (%),6.8,%
河南,410000000000,2016,企业信息化及电子商务情况,电子商务销售额 (亿元),4135.3,亿元
河南,410000000000,2016,企业信息化及电子商务情况,电子商务采购额 (亿元),1596.4,亿元
河南,410000000000,2015,企业信息化及电子商务情况,每百人使用计算机数 (台),13,台
河南,410000000000,2015,企业信息化及电子商务情况,每百家企业拥有网站数 (个),49,个
河南,410000000000,2015,企业信息化及电子商务情况,有电子商务交易活动的企业数 (个),2928,个
河南,410000000000,2015,企业信息化及电子商务情况,有电子商务交易活动的企业数比重 (%),5.5,%
河南,410000000000,2015,企业信息化及电子商务情况,电子商务销售额 (亿元),3639.3,亿元
河南,410000000000,2015,企业信息化及电子商务情况,电子商务采购额 (亿元),1559.7,亿元
湖北,420000000000,2024,企业信息化及电子商务情况,每百人使用计算机数 (台),36,台
湖北,420000000000,2024,企业信息化及电子商务情况,每百家企业拥有网站数 (个),38,个
湖北,420000000000,2024,企业信息化及电子商务情况,有电子商务交易活动的企业数 (个),9377,个
湖北,420000000000,2024,企业信息化及电子商务情况,电子商务销售额 (亿元),10974.4,亿元
湖北,420000000000,2024,企业信息化及电子商务情况,电子商务采购额 (亿元),4584.4,亿元
湖北,420000000000,2023,企业信息化及电子商务情况,每百人使用计算机数 (台),34,台
湖北,420000000000,2023,企业信息化及电子商务情况,每百家企业拥有网站数 (个),44,个
湖北,420000000000,2023,企业信息化及电子商务情况,有电子商务交易活动的企业数 (个),8971,个
湖北,420000000000,2023,企业信息化及电子商务情况,有电子商务交易活动的企业数比重 (%),14.0,%
湖北,420000000000,2023,企业信息化及电子商务情况,电子商务销售额 (亿元),10550.6,亿元
湖北,420000000000,2023,企业信息化及电子商务情况,电子商务采购额 (亿元),4446.9,亿元
湖北,420000000000,2022,企业信息化及电子商务情况,每百人使用计算机数 (台),33,台
湖北,420000000000,2022,企业信息化及电子商务情况,每百家企业拥有网站数 (个),51,个
湖北,420000000000,2022,企业信息化及电子商务情况,有电子商务交易活动的企业数 (个),5018,个
湖北,420000000000,2022,企业信息化及电子商务情况,有电子商务交易活动的企业数比重 (%),9.5,%
湖北,420000000000,2022,企业信息化及电子商务情况,电子商务销售额 (亿元),8356.7,亿元
湖北,420000000000,2022,企业信息化及电子商务情况,电子商务采购额 (亿元),4157.4,亿元
湖北,420000000000,2021,企业信息化及电子商务情况,每百人使用计算机数 (台),33,台
湖北,420000000000,2021,企业信息化及电子商务情况,每百家企业拥有网站数 (个),58,个
湖北,420000000000,2021,企业信息化及电子商务情况,有电子商务交易活动的企业数 (个),4775,个
湖北,420000000000,2021,企业信息化及电子商务情况,有电子商务交易活动的企业数比重 (%),10.8,%
湖北,420000000000,2021,企业信息化及电子商务情况,电子商务销售额 (亿元),6126.9,亿元
湖北,420000000000,2021,企业信息化及电子商务情况,电子商务采购额 (亿元),3495.6,亿元
湖北,420000000000,2020,企业信息化及电子商务情况,每百人使用计算机数 (台),30,台
湖北,420000000000,2020,企业信息化及电子商务情况,每百家企业拥有网站数 (个),59,个
湖北,420000000000,2020,企业信息化及电子商务情况,有电子商务交易活动的企业数 (个),4545,个
湖北,420000000000,2020,企业信息化及电子商务情况,有电子商务交易活动的企业数比重 (%),11.1,%
湖北,420000000000,2020,企业信息化及电子商务情况,电子商务销售额 (亿元),5078.7,亿元
湖北,420000000000,2020,企业信息化及电子商务情况,电子商务采购额 (亿元),2946.9,亿元
湖北,420000000000,2019,企业信息化及电子商务情况,每百人使用计算机数 (台),27,台
湖北,420000000000,2019,企业信息化及电子商务情况,每百家企业拥有网站数 (个),59,个
湖北,420000000000,2019,企业信息化及电子商务情况,有电子商务交易活动的企业数 (个),3909,个
湖北,420000000000,2019,企业信息化及电子商务情况,有电子商务交易活动的企业数比重 (%),9.7,%
湖北,420000000000,2019,企业信息化及电子商务情况,电子商务销售额 (亿元),4734.4,亿元
湖北,420000000000,2019,企业信息化及电子商务情况,电子商务采购额 (亿元),3074.5,亿元
湖北,420000000000,2018,企业信息化及电子商务情况,每百人使用计算机数 (台),26,台
湖北,420000000000,2018,企业信息化及电子商务情况,每百家企业拥有网站数 (个),60,个
湖北,420000000000,2018,企业信息化及电子商务情况,有电子商务交易活动的企业数 (个),3666,个
湖北,420000000000,2018,企业信息化及电子商务情况,有电子商务交易活动的企业数比重 (%),9.1,%
湖北,420000000000,2018,企业信息化及电子商务情况,电子商务销售额 (亿元),4051.4,亿元
湖北,420000000000,2018,企业信息化及电子商务情况,电子商务采购额 (亿元),1825.9,亿元
湖北,420000000000,2017,企业信息化及电子商务情况,每百人使用计算机数 (台),24,台
湖北,420000000000,2017,企业信息化及电子商务情况,每百家企业拥有网站数 (个),62,个
湖北,420000000000,2017,企业信息化及电子商务情况,有电子商务交易活动的企业数 (个),3284,个
湖北,420000000000,2017,企业信息化及电子商务情况,有电子商务交易活动的企业数比重 (%),9.0,%
湖北,420000000000,2017,企业信息化及电子商务情况,电子商务销售额 (亿元),4411.3,亿元
湖北,420000000000,2017,企业信息化及电子商务情况,电子商务采购额 (亿元),1755.6,亿元
湖北,420000000000,2016,企业信息化及电子商务情况,每百人使用计算机数 (台),22,台
湖北,420000000000,2016,企业信息化及电子商务情况,每百家企业拥有网站数 (个),60,个
湖北,420000000000,2016,企业信息化及电子商务情况,有电子商务交易活动的企业数 (个),4359,个
湖北,420000000000,2016,企业信息化及电子商务情况,有电子商务交易活动的企业数比重 (%),11.3,%
湖北,420000000000,2016,企业信息化及电子商务情况,电子商务销售额 (亿元),2741.0,亿元
湖北,420000000000,2016,企业信息化及电子商务情况,电子商务采购额 (亿元),1455.2,亿元
湖北,420000000000,2015,企业信息化及电子商务情况,每百人使用计算机数 (台),20,台
湖北,420000000000,2015,企业信息化及电子商务情况,每百家企业拥有网站数 (个),59,个
湖北,420000000000,2015,企业信息化及电子商务情况,有电子商务交易活动的企业数 (个),3361,个
湖北,420000000000,2015,企业信息化及电子商务情况,有电子商务交易活动的企业数比重 (%),8.8,%
湖北,420000000000,2015,企业信息化及电子商务情况,电子商务销售额 (亿元),2386.6,亿元
湖北,420000000000,2015,企业信息化及电子商务情况,电子商务采购额 (亿元),1140.8,亿元
湖南,430000000000,2024,企业信息化及电子商务情况,每百人使用计算机数 (台),32,台
湖南,430000000000,2024,企业信息化及电子商务情况,每百家企业拥有网站数 (个),41,个
湖南,430000000000,2024,企业信息化及电子商务情况,有电子商务交易活动的企业数 (个),7094,个
湖南,430000000000,2024,企业信息化及电子商务情况,电子商务销售额 (亿元),6560.1,亿元
湖南,430000000000,2024,企业信息化及电子商务情况,电子商务采购额 (亿元),4125.5,亿元
湖南,430000000000,2023,企业信息化及电子商务情况,每百人使用计算机数 (台),29,台
湖南,430000000000,2023,企业信息化及电子商务情况,每百家企业拥有网站数 (个),45,个
湖南,430000000000,2023,企业信息化及电子商务情况,有电子商务交易活动的企业数 (个),7742,个
湖南,430000000000,2023,企业信息化及电子商务情况,有电子商务交易活动的企业数比重 (%),14.2,%
湖南,430000000000,2023,企业信息化及电子商务情况,电子商务销售额 (亿元),6322.3,亿元
湖南,430000000000,2023,企业信息化及电子商务情况,电子商务采购额 (亿元),3866.5,亿元
湖南,430000000000,2022,企业信息化及电子商务情况,每百人使用计算机数 (台),28,台
湖南,430000000000,2022,企业信息化及电子商务情况,每百家企业拥有网站数 (个),46,个
湖南,430000000000,2022,企业信息化及电子商务情况,有电子商务交易活动的企业数 (个),4671,个
湖南,430000000000,2022,企业信息化及电子商务情况,有电子商务交易活动的企业数比重 (%),9.4,%
湖南,430000000000,2022,企业信息化及电子商务情况,电子商务销售额 (亿元),6070.1,亿元
湖南,430000000000,2022,企业信息化及电子商务情况,电子商务采购额 (亿元),3244.4,亿元
湖南,430000000000,2021,企业信息化及电子商务情况,每百人使用计算机数 (台),27,台
湖南,430000000000,2021,企业信息化及电子商务情况,每百家企业拥有网站数 (个),49,个
湖南,430000000000,2021,企业信息化及电子商务情况,有电子商务交易活动的企业数 (个),4949,个
湖南,430000000000,2021,企业信息化及电子商务情况,有电子商务交易活动的企业数比重 (%),11.0,%
湖南,430000000000,2021,企业信息化及电子商务情况,电子商务销售额 (亿元),5065.8,亿元
湖南,430000000000,2021,企业信息化及电子商务情况,电子商务采购额 (亿元),3484.9,亿元
湖南,430000000000,2020,企业信息化及电子商务情况,每百人使用计算机数 (台),25,台
湖南,430000000000,2020,企业信息化及电子商务情况,每百家企业拥有网站数 (个),47,个
湖南,430000000000,2020,企业信息化及电子商务情况,有电子商务交易活动的企业数 (个),4834,个
湖南,430000000000,2020,企业信息化及电子商务情况,有电子商务交易活动的企业数比重 (%),10.9,%
湖南,430000000000,2020,企业信息化及电子商务情况,电子商务销售额 (亿元),4185.8,亿元
湖南,430000000000,2020,企业信息化及电子商务情况,电子商务采购额 (亿元),2820.2,亿元
湖南,430000000000,2019,企业信息化及电子商务情况,每百人使用计算机数 (台),23,台
湖南,430000000000,2019,企业信息化及电子商务情况,每百家企业拥有网站数 (个),47,个
湖南,430000000000,2019,企业信息化及电子商务情况,有电子商务交易活动的企业数 (个),4158,个
湖南,430000000000,2019,企业信息化及电子商务情况,有电子商务交易活动的企业数比重 (%),10.0,%
湖南,430000000000,2019,企业信息化及电子商务情况,电子商务销售额 (亿元),3444.8,亿元
湖南,430000000000,2019,企业信息化及电子商务情况,电子商务采购额 (亿元),2308.3,亿元
湖南,430000000000,2018,企业信息化及电子商务情况,每百人使用计算机数 (台),22,台
湖南,430000000000,2018,企业信息化及电子商务情况,每百家企业拥有网站数 (个),51,个
湖南,430000000000,2018,企业信息化及电子商务情况,有电子商务交易活动的企业数 (个),3988,个
湖南,430000000000,2018,企业信息化及电子商务情况,有电子商务交易活动的企业数比重 (%),10.3,%
湖南,430000000000,2018,企业信息化及电子商务情况,电子商务销售额 (亿元),3127.5,亿元
湖南,430000000000,2018,企业信息化及电子商务情况,电子商务采购额 (亿元),2581.3,亿元
湖南,430000000000,2017,企业信息化及电子商务情况,每百人使用计算机数 (台),20,台
湖南,430000000000,2017,企业信息化及电子商务情况,每百家企业拥有网站数 (个),54,个
湖南,430000000000,2017,企业信息化及电子商务情况,有电子商务交易活动的企业数 (个),3292,个
湖南,430000000000,2017,企业信息化及电子商务情况,有电子商务交易活动的企业数比重 (%),9.1,%
湖南,430000000000,2017,企业信息化及电子商务情况,电子商务销售额 (亿元),2682.7,亿元
湖南,430000000000,2017,企业信息化及电子商务情况,电子商务采购额 (亿元),1162.2,亿元
湖南,430000000000,2016,企业信息化及电子商务情况,每百人使用计算机数 (台),19,台
湖南,430000000000,2016,企业信息化及电子商务情况,每百家企业拥有网站数 (个),57,个
湖南,430000000000,2016,企业信息化及电子商务情况,有电子商务交易活动的企业数 (个),3603,个
湖南,430000000000,2016,企业信息化及电子商务情况,有电子商务交易活动的企业数比重 (%),10.9,%
湖南,430000000000,2016,企业信息化及电子商务情况,电子商务销售额 (亿元),2227.5,亿元
湖南,430000000000,2016,企业信息化及电子商务情况,电子商务采购额 (亿元),966.7,亿元
湖南,430000000000,2015,企业信息化及电子商务情况,每百人使用计算机数 (台),18,台
湖南,430000000000,2015,企业信息化及电子商务情况,每百家企业拥有网站数 (个),58,个
湖南,430000000000,2015,企业信息化及电子商务情况,有电子商务交易活动的企业数 (个),2467,个
湖南,430000000000,2015,企业信息化及电子商务情况,有电子商务交易活动的企业数比重 (%),8.1,%
湖南,430000000000,2015,企业信息化及电子商务情况,电子商务销售额 (亿元),2221.4,亿元
湖南,430000000000,2015,企业信息化及电子商务情况,电子商务采购额 (亿元),898.6,亿元
广东,440000000000,2024,企业信息化及电子商务情况,每百人使用计算机数 (台),49,台
广东,440000000000,2024,企业信息化及电子商务情况,每百家企业拥有网站数 (个),42,个
广东,440000000000,2024,企业信息化及电子商务情况,有电子商务交易活动的企业数 (个),27520,个
广东,440000000000,2024,企业信息化及电子商务情况,电子商务销售额 (亿元),53706.6,亿元
广东,440000000000,2024,企业信息化及电子商务情况,电子商务采购额 (亿元),30059.3,亿元
广东,440000000000,2023,企业信息化及电子商务情况,每百人使用计算机数 (台),45,台
广东,440000000000,2023,企业信息化及电子商务情况,每百家企业拥有网站数 (个),48,个
广东,440000000000,2023,企业信息化及电子商务情况,有电子商务交易活动的企业数 (个),28076,个
广东,440000000000,2023,企业信息化及电子商务情况,有电子商务交易活动的企业数比重 (%),14.3,%
广东,440000000000,2023,企业信息化及电子商务情况,电子商务销售额 (亿元),53154.0,亿元
广东,440000000000,2023,企业信息化及电子商务情况,电子商务采购额 (亿元),29140.7,亿元
广东,440000000000,2022,企业信息化及电子商务情况,每百人使用计算机数 (台),45,台
广东,440000000000,2022,企业信息化及电子商务情况,每百家企业拥有网站数 (个),49,个
广东,440000000000,2022,企业信息化及电子商务情况,有电子商务交易活动的企业数 (个),21827,个
广东,440000000000,2022,企业信息化及电子商务情况,有电子商务交易活动的企业数比重 (%),11.8,%
广东,440000000000,2022,企业信息化及电子商务情况,电子商务销售额 (亿元),47419.7,亿元
广东,440000000000,2022,企业信息化及电子商务情况,电子商务采购额 (亿元),23038.7,亿元
广东,440000000000,2021,企业信息化及电子商务情况,每百人使用计算机数 (台),43,台
广东,440000000000,2021,企业信息化及电子商务情况,每百家企业拥有网站数 (个),55,个
广东,440000000000,2021,企业信息化及电子商务情况,有电子商务交易活动的企业数 (个),19257,个
广东,440000000000,2021,企业信息化及电子商务情况,有电子商务交易活动的企业数比重 (%),11.3,%
广东,440000000000,2021,企业信息化及电子商务情况,电子商务销售额 (亿元),37886.0,亿元
广东,440000000000,2021,企业信息化及电子商务情况,电子商务采购额 (亿元),20748.3,亿元
广东,440000000000,2020,企业信息化及电子商务情况,每百人使用计算机数 (台),43,台
广东,440000000000,2020,企业信息化及电子商务情况,每百家企业拥有网站数 (个),57,个
广东,440000000000,2020,企业信息化及电子商务情况,有电子商务交易活动的企业数 (个),16936,个
广东,440000000000,2020,企业信息化及电子商务情况,有电子商务交易活动的企业数比重 (%),11.3,%
广东,440000000000,2020,企业信息化及电子商务情况,电子商务销售额 (亿元),30533.8,亿元
广东,440000000000,2020,企业信息化及电子商务情况,电子商务采购额 (亿元),21879.3,亿元
广东,440000000000,2019,企业信息化及电子商务情况,每百人使用计算机数 (台),40,台
广东,440000000000,2019,企业信息化及电子商务情况,每百家企业拥有网站数 (个),59,个
广东,440000000000,2019,企业信息化及电子商务情况,有电子商务交易活动的企业数 (个),15175,个
广东,440000000000,2019,企业信息化及电子商务情况,有电子商务交易活动的企业数比重 (%),10.8,%
广东,440000000000,2019,企业信息化及电子商务情况,电子商务销售额 (亿元),30168.2,亿元
广东,440000000000,2019,企业信息化及电子商务情况,电子商务采购额 (亿元),21902.5,亿元
广东,440000000000,2018,企业信息化及电子商务情况,每百人使用计算机数 (台),37,台
广东,440000000000,2018,企业信息化及电子商务情况,每百家企业拥有网站数 (个),60,个
广东,440000000000,2018,企业信息化及电子商务情况,有电子商务交易活动的企业数 (个),12158,个
广东,440000000000,2018,企业信息化及电子商务情况,有电子商务交易活动的企业数比重 (%),9.8,%
广东,440000000000,2018,企业信息化及电子商务情况,电子商务销售额 (亿元),27829.9,亿元
广东,440000000000,2018,企业信息化及电子商务情况,电子商务采购额 (亿元),17104.6,亿元
广东,440000000000,2017,企业信息化及电子商务情况,每百人使用计算机数 (台),34,台
广东,440000000000,2017,企业信息化及电子商务情况,每百家企业拥有网站数 (个),64,个
广东,440000000000,2017,企业信息化及电子商务情况,有电子商务交易活动的企业数 (个),10922,个
广东,440000000000,2017,企业信息化及电子商务情况,有电子商务交易活动的企业数比重 (%),9.7,%
广东,440000000000,2017,企业信息化及电子商务情况,电子商务销售额 (亿元),23191.5,亿元
广东,440000000000,2017,企业信息化及电子商务情况,电子商务采购额 (亿元),13904.4,亿元
广东,440000000000,2016,企业信息化及电子商务情况,每百人使用计算机数 (台),32,台
广东,440000000000,2016,企业信息化及电子商务情况,每百家企业拥有网站数 (个),66,个
广东,440000000000,2016,企业信息化及电子商务情况,有电子商务交易活动的企业数 (个),11542,个
广东,440000000000,2016,企业信息化及电子商务情况,有电子商务交易活动的企业数比重 (%),11.6,%
广东,440000000000,2016,企业信息化及电子商务情况,电子商务销售额 (亿元),17595.1,亿元
广东,440000000000,2016,企业信息化及电子商务情况,电子商务采购额 (亿元),12854.7,亿元
广东,440000000000,2015,企业信息化及电子商务情况,每百人使用计算机数 (台),30,台
广东,440000000000,2015,企业信息化及电子商务情况,每百家企业拥有网站数 (个),67,个
广东,440000000000,2015,企业信息化及电子商务情况,有电子商务交易活动的企业数 (个),10774,个
广东,440000000000,2015,企业信息化及电子商务情况,有电子商务交易活动的企业数比重 (%),11.5,%
广东,440000000000,2015,企业信息化及电子商务情况,电子商务销售额 (亿元),13783.7,亿元
广东,440000000000,2015,企业信息化及电子商务情况,电子商务采购额 (亿元),10107.9,亿元
广西,450000000000,2024,企业信息化及电子商务情况,每百人使用计算机数 (台),37,台
广西,450000000000,2024,企业信息化及电子商务情况,每百家企业拥有网站数 (个),23,个
广西,450000000000,2024,企业信息化及电子商务情况,有电子商务交易活动的企业数 (个),3393,个
广西,450000000000,2024,企业信息化及电子商务情况,电子商务销售额 (亿元),4789.4,亿元
广西,450000000000,2024,企业信息化及电子商务情况,电子商务采购额 (亿元),2055.1,亿元
广西,450000000000,2023,企业信息化及电子商务情况,每百人使用计算机数 (台),35,台
广西,450000000000,2023,企业信息化及电子商务情况,每百家企业拥有网站数 (个),27,个
广西,450000000000,2023,企业信息化及电子商务情况,有电子商务交易活动的企业数 (个),3447,个
广西,450000000000,2023,企业信息化及电子商务情况,有电子商务交易活动的企业数比重 (%),12.5,%
广西,450000000000,2023,企业信息化及电子商务情况,电子商务销售额 (亿元),4022.6,亿元
广西,450000000000,2023,企业信息化及电子商务情况,电子商务采购额 (亿元),1976.2,亿元
广西,450000000000,2022,企业信息化及电子商务情况,每百人使用计算机数 (台),31,台
广西,450000000000,2022,企业信息化及电子商务情况,每百家企业拥有网站数 (个),26,个
广西,450000000000,2022,企业信息化及电子商务情况,有电子商务交易活动的企业数 (个),2318,个
广西,450000000000,2022,企业信息化及电子商务情况,有电子商务交易活动的企业数比重 (%),8.7,%
广西,450000000000,2022,企业信息化及电子商务情况,电子商务销售额 (亿元),3703.8,亿元
广西,450000000000,2022,企业信息化及电子商务情况,电子商务采购额 (亿元),1634.5,亿元
广西,450000000000,2021,企业信息化及电子商务情况,每百人使用计算机数 (台),30,台
广西,450000000000,2021,企业信息化及电子商务情况,每百家企业拥有网站数 (个),28,个
广西,450000000000,2021,企业信息化及电子商务情况,有电子商务交易活动的企业数 (个),2365,个
广西,450000000000,2021,企业信息化及电子商务情况,有电子商务交易活动的企业数比重 (%),9.8,%
广西,450000000000,2021,企业信息化及电子商务情况,电子商务销售额 (亿元),2616.6,亿元
广西,450000000000,2021,企业信息化及电子商务情况,电子商务采购额 (亿元),1330.0,亿元
广西,450000000000,2020,企业信息化及电子商务情况,每百人使用计算机数 (台),29,台
广西,450000000000,2020,企业信息化及电子商务情况,每百家企业拥有网站数 (个),27,个
广西,450000000000,2020,企业信息化及电子商务情况,有电子商务交易活动的企业数 (个),2136,个
广西,450000000000,2020,企业信息化及电子商务情况,有电子商务交易活动的企业数比重 (%),10.1,%
广西,450000000000,2020,企业信息化及电子商务情况,电子商务销售额 (亿元),2116.5,亿元
广西,450000000000,2020,企业信息化及电子商务情况,电子商务采购额 (亿元),1223.0,亿元
广西,450000000000,2019,企业信息化及电子商务情况,每百人使用计算机数 (台),27,台
广西,450000000000,2019,企业信息化及电子商务情况,每百家企业拥有网站数 (个),25,个
广西,450000000000,2019,企业信息化及电子商务情况,有电子商务交易活动的企业数 (个),1762,个
广西,450000000000,2019,企业信息化及电子商务情况,有电子商务交易活动的企业数比重 (%),9.5,%
广西,450000000000,2019,企业信息化及电子商务情况,电子商务销售额 (亿元),1586.5,亿元
广西,450000000000,2019,企业信息化及电子商务情况,电子商务采购额 (亿元),1355.3,亿元
广西,450000000000,2018,企业信息化及电子商务情况,每百人使用计算机数 (台),24,台
广西,450000000000,2018,企业信息化及电子商务情况,每百家企业拥有网站数 (个),24,个
广西,450000000000,2018,企业信息化及电子商务情况,有电子商务交易活动的企业数 (个),1530,个
广西,450000000000,2018,企业信息化及电子商务情况,有电子商务交易活动的企业数比重 (%),8.9,%
广西,450000000000,2018,企业信息化及电子商务情况,电子商务销售额 (亿元),1168.2,亿元
广西,450000000000,2018,企业信息化及电子商务情况,电子商务采购额 (亿元),815.8,亿元
广西,450000000000,2017,企业信息化及电子商务情况,每百人使用计算机数 (台),20,台
广西,450000000000,2017,企业信息化及电子商务情况,每百家企业拥有网站数 (个),21,个
广西,450000000000,2017,企业信息化及电子商务情况,有电子商务交易活动的企业数 (个),1473,个
广西,450000000000,2017,企业信息化及电子商务情况,有电子商务交易活动的企业数比重 (%),8.9,%
广西,450000000000,2017,企业信息化及电子商务情况,电子商务销售额 (亿元),971.0,亿元
广西,450000000000,2017,企业信息化及电子商务情况,电子商务采购额 (亿元),655.7,亿元
广西,450000000000,2016,企业信息化及电子商务情况,每百人使用计算机数 (台),21,台
广西,450000000000,2016,企业信息化及电子商务情况,每百家企业拥有网站数 (个),15,个
广西,450000000000,2016,企业信息化及电子商务情况,有电子商务交易活动的企业数 (个),1660,个
广西,450000000000,2016,企业信息化及电子商务情况,有电子商务交易活动的企业数比重 (%),11.0,%
广西,450000000000,2016,企业信息化及电子商务情况,电子商务销售额 (亿元),970.9,亿元
广西,450000000000,2016,企业信息化及电子商务情况,电子商务采购额 (亿元),637.8,亿元
广西,450000000000,2015,企业信息化及电子商务情况,每百人使用计算机数 (台),19,台
广西,450000000000,2015,企业信息化及电子商务情况,每百家企业拥有网站数 (个),16,个
广西,450000000000,2015,企业信息化及电子商务情况,有电子商务交易活动的企业数 (个),1202,个
广西,450000000000,2015,企业信息化及电子商务情况,有电子商务交易活动的企业数比重 (%),8.4,%
广西,450000000000,2015,企业信息化及电子商务情况,电子商务销售额 (亿元),918.8,亿元
广西,450000000000,2015,企业信息化及电子商务情况,电子商务采购额 (亿元),642.9,亿元
海南,460000000000,2024,企业信息化及电子商务情况,每百人使用计算机数 (台),47,台
海南,460000000000,2024,企业信息化及电子商务情况,每百家企业拥有网站数 (个),27,个
海南,460000000000,2024,企业信息化及电子商务情况,有电子商务交易活动的企业数 (个),1115,个
海南,460000000000,2024,企业信息化及电子商务情况,电子商务销售额 (亿元),2983.1,亿元
海南,460000000000,2024,企业信息化及电子商务情况,电子商务采购额 (亿元),934.9,亿元
海南,460000000000,2023,企业信息化及电子商务情况,每百人使用计算机数 (台),47,台
海南,460000000000,2023,企业信息化及电子商务情况,每百家企业拥有网站数 (个),35,个
海南,460000000000,2023,企业信息化及电子商务情况,有电子商务交易活动的企业数 (个),950,个
海南,460000000000,2023,企业信息化及电子商务情况,有电子商务交易活动的企业数比重 (%),15.4,%
海南,460000000000,2023,企业信息化及电子商务情况,电子商务销售额 (亿元),2441.0,亿元
海南,460000000000,2023,企业信息化及电子商务情况,电子商务采购额 (亿元),636.0,亿元
海南,460000000000,2022,企业信息化及电子商务情况,每百人使用计算机数 (台),45,台
海南,460000000000,2022,企业信息化及电子商务情况,每百家企业拥有网站数 (个),35,个
海南,460000000000,2022,企业信息化及电子商务情况,有电子商务交易活动的企业数 (个),735,个
海南,460000000000,2022,企业信息化及电子商务情况,有电子商务交易活动的企业数比重 (%),13.3,%
海南,460000000000,2022,企业信息化及电子商务情况,电子商务销售额 (亿元),1585.9,亿元
海南,460000000000,2022,企业信息化及电子商务情况,电子商务采购额 (亿元),498.8,亿元
海南,460000000000,2021,企业信息化及电子商务情况,每百人使用计算机数 (台),42,台
海南,460000000000,2021,企业信息化及电子商务情况,每百家企业拥有网站数 (个),42,个
海南,460000000000,2021,企业信息化及电子商务情况,有电子商务交易活动的企业数 (个),657,个
海南,460000000000,2021,企业信息化及电子商务情况,有电子商务交易活动的企业数比重 (%),13.8,%
海南,460000000000,2021,企业信息化及电子商务情况,电子商务销售额 (亿元),1250.1,亿元
海南,460000000000,2021,企业信息化及电子商务情况,电子商务采购额 (亿元),360.4,亿元
海南,460000000000,2020,企业信息化及电子商务情况,每百人使用计算机数 (台),42,台
海南,460000000000,2020,企业信息化及电子商务情况,每百家企业拥有网站数 (个),45,个
海南,460000000000,2020,企业信息化及电子商务情况,有电子商务交易活动的企业数 (个),578,个
海南,460000000000,2020,企业信息化及电子商务情况,有电子商务交易活动的企业数比重 (%),13.9,%
海南,460000000000,2020,企业信息化及电子商务情况,电子商务销售额 (亿元),941.7,亿元
海南,460000000000,2020,企业信息化及电子商务情况,电子商务采购额 (亿元),321.6,亿元
海南,460000000000,2019,企业信息化及电子商务情况,每百人使用计算机数 (台),42,台
海南,460000000000,2019,企业信息化及电子商务情况,每百家企业拥有网站数 (个),52,个
海南,460000000000,2019,企业信息化及电子商务情况,有电子商务交易活动的企业数 (个),452,个
海南,460000000000,2019,企业信息化及电子商务情况,有电子商务交易活动的企业数比重 (%),12.9,%
海南,460000000000,2019,企业信息化及电子商务情况,电子商务销售额 (亿元),828.5,亿元
海南,460000000000,2019,企业信息化及电子商务情况,电子商务采购额 (亿元),297.1,亿元
海南,460000000000,2018,企业信息化及电子商务情况,每百人使用计算机数 (台),40,台
海南,460000000000,2018,企业信息化及电子商务情况,每百家企业拥有网站数 (个),60,个
海南,460000000000,2018,企业信息化及电子商务情况,有电子商务交易活动的企业数 (个),392,个
海南,460000000000,2018,企业信息化及电子商务情况,有电子商务交易活动的企业数比重 (%),13.0,%
海南,460000000000,2018,企业信息化及电子商务情况,电子商务销售额 (亿元),689.5,亿元
海南,460000000000,2018,企业信息化及电子商务情况,电子商务采购额 (亿元),284.5,亿元
海南,460000000000,2017,企业信息化及电子商务情况,每百人使用计算机数 (台),41,台
海南,460000000000,2017,企业信息化及电子商务情况,每百家企业拥有网站数 (个),69,个
海南,460000000000,2017,企业信息化及电子商务情况,有电子商务交易活动的企业数 (个),424,个
海南,460000000000,2017,企业信息化及电子商务情况,有电子商务交易活动的企业数比重 (%),14.8,%
海南,460000000000,2017,企业信息化及电子商务情况,电子商务销售额 (亿元),563.9,亿元
海南,460000000000,2017,企业信息化及电子商务情况,电子商务采购额 (亿元),260.0,亿元
海南,460000000000,2016,企业信息化及电子商务情况,每百人使用计算机数 (台),39,台
海南,460000000000,2016,企业信息化及电子商务情况,每百家企业拥有网站数 (个),69,个
海南,460000000000,2016,企业信息化及电子商务情况,有电子商务交易活动的企业数 (个),521,个
海南,460000000000,2016,企业信息化及电子商务情况,有电子商务交易活动的企业数比重 (%),18.4,%
海南,460000000000,2016,企业信息化及电子商务情况,电子商务销售额 (亿元),526.0,亿元
海南,460000000000,2016,企业信息化及电子商务情况,电子商务采购额 (亿元),263.3,亿元
海南,460000000000,2015,企业信息化及电子商务情况,每百人使用计算机数 (台),37,台
海南,460000000000,2015,企业信息化及电子商务情况,每百家企业拥有网站数 (个),70,个
海南,460000000000,2015,企业信息化及电子商务情况,有电子商务交易活动的企业数 (个),439,个
海南,460000000000,2015,企业信息化及电子商务情况,有电子商务交易活动的企业数比重 (%),15.8,%
海南,460000000000,2015,企业信息化及电子商务情况,电子商务销售额 (亿元),574.2,亿元
海南,460000000000,2015,企业信息化及电子商务情况,电子商务采购额 (亿元),265.7,亿元
重庆,500000000000,2024,企业信息化及电子商务情况,每百人使用计算机数 (台),36,台
重庆,500000000000,2024,企业信息化及电子商务情况,每百家企业拥有网站数 (个),36,个
重庆,500000000000,2024,企业信息化及电子商务情况,有电子商务交易活动的企业数 (个),4849,个
重庆,500000000000,2024,企业信息化及电子商务情况,电子商务销售额 (亿元),12395.5,亿元
重庆,500000000000,2024,企业信息化及电子商务情况,电子商务采购额 (亿元),5768.4,亿元
重庆,500000000000,2023,企业信息化及电子商务情况,每百人使用计算机数 (台),32,台
重庆,500000000000,2023,企业信息化及电子商务情况,每百家企业拥有网站数 (个),42,个
重庆,500000000000,2023,企业信息化及电子商务情况,有电子商务交易活动的企业数 (个),4790,个
重庆,500000000000,2023,企业信息化及电子商务情况,有电子商务交易活动的企业数比重 (%),17.2,%
重庆,500000000000,2023,企业信息化及电子商务情况,电子商务销售额 (亿元),9406.9,亿元
重庆,500000000000,2023,企业信息化及电子商务情况,电子商务采购额 (亿元),4917.8,亿元
重庆,500000000000,2022,企业信息化及电子商务情况,每百人使用计算机数 (台),30,台
重庆,500000000000,2022,企业信息化及电子商务情况,每百家企业拥有网站数 (个),44,个
重庆,500000000000,2022,企业信息化及电子商务情况,有电子商务交易活动的企业数 (个),3265,个
重庆,500000000000,2022,企业信息化及电子商务情况,有电子商务交易活动的企业数比重 (%),12.3,%
重庆,500000000000,2022,企业信息化及电子商务情况,电子商务销售额 (亿元),14206.3,亿元
重庆,500000000000,2022,企业信息化及电子商务情况,电子商务采购额 (亿元),4338.5,亿元
重庆,500000000000,2021,企业信息化及电子商务情况,每百人使用计算机数 (台),28,台
重庆,500000000000,2021,企业信息化及电子商务情况,每百家企业拥有网站数 (个),47,个
重庆,500000000000,2021,企业信息化及电子商务情况,有电子商务交易活动的企业数 (个),3406,个
重庆,500000000000,2021,企业信息化及电子商务情况,有电子商务交易活动的企业数比重 (%),13.6,%
重庆,500000000000,2021,企业信息化及电子商务情况,电子商务销售额 (亿元),6723.4,亿元
重庆,500000000000,2021,企业信息化及电子商务情况,电子商务采购额 (亿元),2851.3,亿元
重庆,500000000000,2020,企业信息化及电子商务情况,每百人使用计算机数 (台),27,台
重庆,500000000000,2020,企业信息化及电子商务情况,每百家企业拥有网站数 (个),47,个
重庆,500000000000,2020,企业信息化及电子商务情况,有电子商务交易活动的企业数 (个),3199,个
重庆,500000000000,2020,企业信息化及电子商务情况,有电子商务交易活动的企业数比重 (%),13.7,%
重庆,500000000000,2020,企业信息化及电子商务情况,电子商务销售额 (亿元),5810.3,亿元
重庆,500000000000,2020,企业信息化及电子商务情况,电子商务采购额 (亿元),2148.4,亿元
重庆,500000000000,2019,企业信息化及电子商务情况,每百人使用计算机数 (台),25,台
重庆,500000000000,2019,企业信息化及电子商务情况,每百家企业拥有网站数 (个),47,个
重庆,500000000000,2019,企业信息化及电子商务情况,有电子商务交易活动的企业数 (个),2737,个
重庆,500000000000,2019,企业信息化及电子商务情况,有电子商务交易活动的企业数比重 (%),12.4,%
重庆,500000000000,2019,企业信息化及电子商务情况,电子商务销售额 (亿元),4762.9,亿元
重庆,500000000000,2019,企业信息化及电子商务情况,电子商务采购额 (亿元),1719.8,亿元
重庆,500000000000,2018,企业信息化及电子商务情况,每百人使用计算机数 (台),24,台
重庆,500000000000,2018,企业信息化及电子商务情况,每百家企业拥有网站数 (个),49,个
重庆,500000000000,2018,企业信息化及电子商务情况,有电子商务交易活动的企业数 (个),2545,个
重庆,500000000000,2018,企业信息化及电子商务情况,有电子商务交易活动的企业数比重 (%),11.6,%
重庆,500000000000,2018,企业信息化及电子商务情况,电子商务销售额 (亿元),4186.8,亿元
重庆,500000000000,2018,企业信息化及电子商务情况,电子商务采购额 (亿元),1624.7,亿元
重庆,500000000000,2017,企业信息化及电子商务情况,每百人使用计算机数 (台),21,台
重庆,500000000000,2017,企业信息化及电子商务情况,每百家企业拥有网站数 (个),49,个
重庆,500000000000,2017,企业信息化及电子商务情况,有电子商务交易活动的企业数 (个),2513,个
重庆,500000000000,2017,企业信息化及电子商务情况,有电子商务交易活动的企业数比重 (%),10.7,%
重庆,500000000000,2017,企业信息化及电子商务情况,电子商务销售额 (亿元),3572.2,亿元
重庆,500000000000,2017,企业信息化及电子商务情况,电子商务采购额 (亿元),1201.6,亿元
重庆,500000000000,2016,企业信息化及电子商务情况,每百人使用计算机数 (台),20,台
重庆,500000000000,2016,企业信息化及电子商务情况,每百家企业拥有网站数 (个),49,个
重庆,500000000000,2016,企业信息化及电子商务情况,有电子商务交易活动的企业数 (个),2716,个
重庆,500000000000,2016,企业信息化及电子商务情况,有电子商务交易活动的企业数比重 (%),11.6,%
重庆,500000000000,2016,企业信息化及电子商务情况,电子商务销售额 (亿元),3210.2,亿元
重庆,500000000000,2016,企业信息化及电子商务情况,电子商务采购额 (亿元),1228.9,亿元
重庆,500000000000,2015,企业信息化及电子商务情况,每百人使用计算机数 (台),19,台
重庆,500000000000,2015,企业信息化及电子商务情况,每百家企业拥有网站数 (个),47,个
重庆,500000000000,2015,企业信息化及电子商务情况,有电子商务交易活动的企业数 (个),1901,个
重庆,500000000000,2015,企业信息化及电子商务情况,有电子商务交易活动的企业数比重 (%),8.5,%
重庆,500000000000,2015,企业信息化及电子商务情况,电子商务销售额 (亿元),2648.5,亿元
重庆,500000000000,2015,企业信息化及电子商务情况,电子商务采购额 (亿元),754.2,亿元
四川,510000000000,2024,企业信息化及电子商务情况,每百人使用计算机数 (台),38,台
四川,510000000000,2024,企业信息化及电子商务情况,每百家企业拥有网站数 (个),33,个
四川,510000000000,2024,企业信息化及电子商务情况,有电子商务交易活动的企业数 (个),9132,个
四川,510000000000,2024,企业信息化及电子商务情况,电子商务销售额 (亿元),12342.5,亿元
四川,510000000000,2024,企业信息化及电子商务情况,电子商务采购额 (亿元),5954.2,亿元
四川,510000000000,2023,企业信息化及电子商务情况,每百人使用计算机数 (台),36,台
四川,510000000000,2023,企业信息化及电子商务情况,每百家企业拥有网站数 (个),40,个
四川,510000000000,2023,企业信息化及电子商务情况,有电子商务交易活动的企业数 (个),9046,个
四川,510000000000,2023,企业信息化及电子商务情况,有电子商务交易活动的企业数比重 (%),14.3,%
四川,510000000000,2023,企业信息化及电子商务情况,电子商务销售额 (亿元),11126.7,亿元
四川,510000000000,2023,企业信息化及电子商务情况,电子商务采购额 (亿元),5846.1,亿元
四川,510000000000,2022,企业信息化及电子商务情况,每百人使用计算机数 (台),33,台
四川,510000000000,2022,企业信息化及电子商务情况,每百家企业拥有网站数 (个),43,个
四川,510000000000,2022,企业信息化及电子商务情况,有电子商务交易活动的企业数 (个),6136,个
四川,510000000000,2022,企业信息化及电子商务情况,有电子商务交易活动的企业数比重 (%),10.7,%
四川,510000000000,2022,企业信息化及电子商务情况,电子商务销售额 (亿元),9092.5,亿元
四川,510000000000,2022,企业信息化及电子商务情况,电子商务采购额 (亿元),5430.7,亿元
四川,510000000000,2021,企业信息化及电子商务情况,每百人使用计算机数 (台),31,台
四川,510000000000,2021,企业信息化及电子商务情况,每百家企业拥有网站数 (个),48,个
四川,510000000000,2021,企业信息化及电子商务情况,有电子商务交易活动的企业数 (个),6518,个
四川,510000000000,2021,企业信息化及电子商务情况,有电子商务交易活动的企业数比重 (%),12.6,%
四川,510000000000,2021,企业信息化及电子商务情况,电子商务销售额 (亿元),7364.4,亿元
四川,510000000000,2021,企业信息化及电子商务情况,电子商务采购额 (亿元),5474.7,亿元
四川,510000000000,2020,企业信息化及电子商务情况,每百人使用计算机数 (台),29,台
四川,510000000000,2020,企业信息化及电子商务情况,每百家企业拥有网站数 (个),49,个
四川,510000000000,2020,企业信息化及电子商务情况,有电子商务交易活动的企业数 (个),5876,个
四川,510000000000,2020,企业信息化及电子商务情况,有电子商务交易活动的企业数比重 (%),12.6,%
四川,510000000000,2020,企业信息化及电子商务情况,电子商务销售额 (亿元),5901.6,亿元
四川,510000000000,2020,企业信息化及电子商务情况,电子商务采购额 (亿元),4405.0,亿元
四川,510000000000,2019,企业信息化及电子商务情况,每百人使用计算机数 (台),26,台
四川,510000000000,2019,企业信息化及电子商务情况,每百家企业拥有网站数 (个),58,个
四川,510000000000,2019,企业信息化及电子商务情况,有电子商务交易活动的企业数 (个),4968,个
四川,510000000000,2019,企业信息化及电子商务情况,有电子商务交易活动的企业数比重 (%),11.8,%
四川,510000000000,2019,企业信息化及电子商务情况,电子商务销售额 (亿元),5368.0,亿元
四川,510000000000,2019,企业信息化及电子商务情况,电子商务采购额 (亿元),3688.8,亿元
四川,510000000000,2018,企业信息化及电子商务情况,每百人使用计算机数 (台),24,台
四川,510000000000,2018,企业信息化及电子商务情况,每百家企业拥有网站数 (个),54,个
四川,510000000000,2018,企业信息化及电子商务情况,有电子商务交易活动的企业数 (个),4501,个
四川,510000000000,2018,企业信息化及电子商务情况,有电子商务交易活动的企业数比重 (%),11.5,%
四川,510000000000,2018,企业信息化及电子商务情况,电子商务销售额 (亿元),4219.2,亿元
四川,510000000000,2018,企业信息化及电子商务情况,电子商务采购额 (亿元),2463.9,亿元
四川,510000000000,2017,企业信息化及电子商务情况,每百人使用计算机数 (台),23,台
四川,510000000000,2017,企业信息化及电子商务情况,每百家企业拥有网站数 (个),58,个
四川,510000000000,2017,企业信息化及电子商务情况,有电子商务交易活动的企业数 (个),4459,个
四川,510000000000,2017,企业信息化及电子商务情况,有电子商务交易活动的企业数比重 (%),11.7,%
四川,510000000000,2017,企业信息化及电子商务情况,电子商务销售额 (亿元),3687.8,亿元
四川,510000000000,2017,企业信息化及电子商务情况,电子商务采购额 (亿元),2023.9,亿元
四川,510000000000,2016,企业信息化及电子商务情况,每百人使用计算机数 (台),23,台
四川,510000000000,2016,企业信息化及电子商务情况,每百家企业拥有网站数 (个),59,个
四川,510000000000,2016,企业信息化及电子商务情况,有电子商务交易活动的企业数 (个),5120,个
四川,510000000000,2016,企业信息化及电子商务情况,有电子商务交易活动的企业数比重 (%),13.9,%
四川,510000000000,2016,企业信息化及电子商务情况,电子商务销售额 (亿元),2381.2,亿元
四川,510000000000,2016,企业信息化及电子商务情况,电子商务采购额 (亿元),1228.8,亿元
四川,510000000000,2015,企业信息化及电子商务情况,每百人使用计算机数 (台),22,台
四川,510000000000,2015,企业信息化及电子商务情况,每百家企业拥有网站数 (个),58,个
四川,510000000000,2015,企业信息化及电子商务情况,有电子商务交易活动的企业数 (个),3574,个
四川,510000000000,2015,企业信息化及电子商务情况,有电子商务交易活动的企业数比重 (%),10.2,%
四川,510000000000,2015,企业信息化及电子商务情况,电子商务销售额 (亿元),1848.4,亿元
四川,510000000000,2015,企业信息化及电子商务情况,电子商务采购额 (亿元),962.0,亿元
贵州,520000000000,2024,企业信息化及电子商务情况,每百人使用计算机数 (台),37,台
贵州,520000000000,2024,企业信息化及电子商务情况,每百家企业拥有网站数 (个),25,个
贵州,520000000000,2024,企业信息化及电子商务情况,有电子商务交易活动的企业数 (个),2371,个
贵州,520000000000,2024,企业信息化及电子商务情况,电子商务销售额 (亿元),5613.9,亿元
贵州,520000000000,2024,企业信息化及电子商务情况,电子商务采购额 (亿元),1418.7,亿元
贵州,520000000000,2023,企业信息化及电子商务情况,每百人使用计算机数 (台),36,台
贵州,520000000000,2023,企业信息化及电子商务情况,每百家企业拥有网站数 (个),26,个
贵州,520000000000,2023,企业信息化及电子商务情况,有电子商务交易活动的企业数 (个),2521,个
贵州,520000000000,2023,企业信息化及电子商务情况,有电子商务交易活动的企业数比重 (%),13.2,%
贵州,520000000000,2023,企业信息化及电子商务情况,电子商务销售额 (亿元),4963.9,亿元
贵州,520000000000,2023,企业信息化及电子商务情况,电子商务采购额 (亿元),1321.5,亿元
贵州,520000000000,2022,企业信息化及电子商务情况,每百人使用计算机数 (台),33,台
贵州,520000000000,2022,企业信息化及电子商务情况,每百家企业拥有网站数 (个),31,个
贵州,520000000000,2022,企业信息化及电子商务情况,有电子商务交易活动的企业数 (个),1655,个
贵州,520000000000,2022,企业信息化及电子商务情况,有电子商务交易活动的企业数比重 (%),8.8,%
贵州,520000000000,2022,企业信息化及电子商务情况,电子商务销售额 (亿元),3520.5,亿元
贵州,520000000000,2022,企业信息化及电子商务情况,电子商务采购额 (亿元),994.5,亿元
贵州,520000000000,2021,企业信息化及电子商务情况,每百人使用计算机数 (台),30,台
贵州,520000000000,2021,企业信息化及电子商务情况,每百家企业拥有网站数 (个),41,个
贵州,520000000000,2021,企业信息化及电子商务情况,有电子商务交易活动的企业数 (个),1883,个
贵州,520000000000,2021,企业信息化及电子商务情况,有电子商务交易活动的企业数比重 (%),10.7,%
贵州,520000000000,2021,企业信息化及电子商务情况,电子商务销售额 (亿元),1746.6,亿元
贵州,520000000000,2021,企业信息化及电子商务情况,电子商务采购额 (亿元),893.8,亿元
贵州,520000000000,2020,企业信息化及电子商务情况,每百人使用计算机数 (台),29,台
贵州,520000000000,2020,企业信息化及电子商务情况,每百家企业拥有网站数 (个),41,个
贵州,520000000000,2020,企业信息化及电子商务情况,有电子商务交易活动的企业数 (个),1697,个
贵州,520000000000,2020,企业信息化及电子商务情况,有电子商务交易活动的企业数比重 (%),10.6,%
贵州,520000000000,2020,企业信息化及电子商务情况,电子商务销售额 (亿元),1628.1,亿元
贵州,520000000000,2020,企业信息化及电子商务情况,电子商务采购额 (亿元),772.3,亿元
贵州,520000000000,2019,企业信息化及电子商务情况,每百人使用计算机数 (台),28,台
贵州,520000000000,2019,企业信息化及电子商务情况,每百家企业拥有网站数 (个),42,个
贵州,520000000000,2019,企业信息化及电子商务情况,有电子商务交易活动的企业数 (个),1487,个
贵州,520000000000,2019,企业信息化及电子商务情况,有电子商务交易活动的企业数比重 (%),9.4,%
贵州,520000000000,2019,企业信息化及电子商务情况,电子商务销售额 (亿元),1415.4,亿元
贵州,520000000000,2019,企业信息化及电子商务情况,电子商务采购额 (亿元),612.2,亿元
贵州,520000000000,2018,企业信息化及电子商务情况,每百人使用计算机数 (台),26,台
贵州,520000000000,2018,企业信息化及电子商务情况,每百家企业拥有网站数 (个),44,个
贵州,520000000000,2018,企业信息化及电子商务情况,有电子商务交易活动的企业数 (个),1576,个
贵州,520000000000,2018,企业信息化及电子商务情况,有电子商务交易活动的企业数比重 (%),9.7,%
贵州,520000000000,2018,企业信息化及电子商务情况,电子商务销售额 (亿元),1612.1,亿元
贵州,520000000000,2018,企业信息化及电子商务情况,电子商务采购额 (亿元),616.3,亿元
贵州,520000000000,2017,企业信息化及电子商务情况,每百人使用计算机数 (台),25,台
贵州,520000000000,2017,企业信息化及电子商务情况,每百家企业拥有网站数 (个),45,个
贵州,520000000000,2017,企业信息化及电子商务情况,有电子商务交易活动的企业数 (个),1657,个
贵州,520000000000,2017,企业信息化及电子商务情况,有电子商务交易活动的企业数比重 (%),10.4,%
贵州,520000000000,2017,企业信息化及电子商务情况,电子商务销售额 (亿元),1434.3,亿元
贵州,520000000000,2017,企业信息化及电子商务情况,电子商务采购额 (亿元),516.2,亿元
贵州,520000000000,2016,企业信息化及电子商务情况,每百人使用计算机数 (台),25,台
贵州,520000000000,2016,企业信息化及电子商务情况,每百家企业拥有网站数 (个),45,个
贵州,520000000000,2016,企业信息化及电子商务情况,有电子商务交易活动的企业数 (个),1767,个
贵州,520000000000,2016,企业信息化及电子商务情况,有电子商务交易活动的企业数比重 (%),12.4,%
贵州,520000000000,2016,企业信息化及电子商务情况,电子商务销售额 (亿元),1518.7,亿元
贵州,520000000000,2016,企业信息化及电子商务情况,电子商务采购额 (亿元),845.0,亿元
贵州,520000000000,2015,企业信息化及电子商务情况,每百人使用计算机数 (台),23,台
贵州,520000000000,2015,企业信息化及电子商务情况,每百家企业拥有网站数 (个),42,个
贵州,520000000000,2015,企业信息化及电子商务情况,有电子商务交易活动的企业数 (个),1092,个
贵州,520000000000,2015,企业信息化及电子商务情况,有电子商务交易活动的企业数比重 (%),8.9,%
贵州,520000000000,2015,企业信息化及电子商务情况,电子商务销售额 (亿元),1018.8,亿元
贵州,520000000000,2015,企业信息化及电子商务情况,电子商务采购额 (亿元),485.4,亿元
云南,530000000000,2024,企业信息化及电子商务情况,每百人使用计算机数 (台),40,台
云南,530000000000,2024,企业信息化及电子商务情况,每百家企业拥有网站数 (个),26,个
云南,530000000000,2024,企业信息化及电子商务情况,有电子商务交易活动的企业数 (个),3302,个
云南,530000000000,2024,企业信息化及电子商务情况,电子商务销售额 (亿元),2774.5,亿元
云南,530000000000,2024,企业信息化及电子商务情况,电子商务采购额 (亿元),1022.2,亿元
云南,530000000000,2023,企业信息化及电子商务情况,每百人使用计算机数 (台),38,台
云南,530000000000,2023,企业信息化及电子商务情况,每百家企业拥有网站数 (个),30,个
云南,530000000000,2023,企业信息化及电子商务情况,有电子商务交易活动的企业数 (个),3450,个
云南,530000000000,2023,企业信息化及电子商务情况,有电子商务交易活动的企业数比重 (%),13.9,%
云南,530000000000,2023,企业信息化及电子商务情况,电子商务销售额 (亿元),3135.2,亿元
云南,530000000000,2023,企业信息化及电子商务情况,电子商务采购额 (亿元),1063.8,亿元
云南,530000000000,2022,企业信息化及电子商务情况,每百人使用计算机数 (台),36,台
云南,530000000000,2022,企业信息化及电子商务情况,每百家企业拥有网站数 (个),31,个
云南,530000000000,2022,企业信息化及电子商务情况,有电子商务交易活动的企业数 (个),2077,个
云南,530000000000,2022,企业信息化及电子商务情况,有电子商务交易活动的企业数比重 (%),9.4,%
云南,530000000000,2022,企业信息化及电子商务情况,电子商务销售额 (亿元),2326.3,亿元
云南,530000000000,2022,企业信息化及电子商务情况,电子商务采购额 (亿元),912.3,亿元
云南,530000000000,2021,企业信息化及电子商务情况,每百人使用计算机数 (台),35,台
云南,530000000000,2021,企业信息化及电子商务情况,每百家企业拥有网站数 (个),37,个
云南,530000000000,2021,企业信息化及电子商务情况,有电子商务交易活动的企业数 (个),2247,个
云南,530000000000,2021,企业信息化及电子商务情况,有电子商务交易活动的企业数比重 (%),11.5,%
云南,530000000000,2021,企业信息化及电子商务情况,电子商务销售额 (亿元),2461.7,亿元
云南,530000000000,2021,企业信息化及电子商务情况,电子商务采购额 (亿元),1459.4,亿元
云南,530000000000,2020,企业信息化及电子商务情况,每百人使用计算机数 (台),34,台
云南,530000000000,2020,企业信息化及电子商务情况,每百家企业拥有网站数 (个),38,个
云南,530000000000,2020,企业信息化及电子商务情况,有电子商务交易活动的企业数 (个),2055,个
云南,530000000000,2020,企业信息化及电子商务情况,有电子商务交易活动的企业数比重 (%),11.6,%
云南,530000000000,2020,企业信息化及电子商务情况,电子商务销售额 (亿元),2324.4,亿元
云南,530000000000,2020,企业信息化及电子商务情况,电子商务采购额 (亿元),1358.1,亿元
云南,530000000000,2019,企业信息化及电子商务情况,每百人使用计算机数 (台),34,台
云南,530000000000,2019,企业信息化及电子商务情况,每百家企业拥有网站数 (个),40,个
云南,530000000000,2019,企业信息化及电子商务情况,有电子商务交易活动的企业数 (个),1783,个
云南,530000000000,2019,企业信息化及电子商务情况,有电子商务交易活动的企业数比重 (%),10.5,%
云南,530000000000,2019,企业信息化及电子商务情况,电子商务销售额 (亿元),1959.6,亿元
云南,530000000000,2019,企业信息化及电子商务情况,电子商务采购额 (亿元),936.2,亿元
云南,530000000000,2018,企业信息化及电子商务情况,每百人使用计算机数 (台),30,台
云南,530000000000,2018,企业信息化及电子商务情况,每百家企业拥有网站数 (个),43,个
云南,530000000000,2018,企业信息化及电子商务情况,有电子商务交易活动的企业数 (个),1713,个
云南,530000000000,2018,企业信息化及电子商务情况,有电子商务交易活动的企业数比重 (%),10.4,%
云南,530000000000,2018,企业信息化及电子商务情况,电子商务销售额 (亿元),1443.1,亿元
云南,530000000000,2018,企业信息化及电子商务情况,电子商务采购额 (亿元),867.3,亿元
云南,530000000000,2017,企业信息化及电子商务情况,每百人使用计算机数 (台),29,台
云南,530000000000,2017,企业信息化及电子商务情况,每百家企业拥有网站数 (个),48,个
云南,530000000000,2017,企业信息化及电子商务情况,有电子商务交易活动的企业数 (个),1742,个
云南,530000000000,2017,企业信息化及电子商务情况,有电子商务交易活动的企业数比重 (%),11.2,%
云南,530000000000,2017,企业信息化及电子商务情况,电子商务销售额 (亿元),1329.4,亿元
云南,530000000000,2017,企业信息化及电子商务情况,电子商务采购额 (亿元),821.2,亿元
云南,530000000000,2016,企业信息化及电子商务情况,每百人使用计算机数 (台),27,台
云南,530000000000,2016,企业信息化及电子商务情况,每百家企业拥有网站数 (个),48,个
云南,530000000000,2016,企业信息化及电子商务情况,有电子商务交易活动的企业数 (个),1996,个
云南,530000000000,2016,企业信息化及电子商务情况,有电子商务交易活动的企业数比重 (%),13.2,%
云南,530000000000,2016,企业信息化及电子商务情况,电子商务销售额 (亿元),1249.7,亿元
云南,530000000000,2016,企业信息化及电子商务情况,电子商务采购额 (亿元),617.0,亿元
云南,530000000000,2015,企业信息化及电子商务情况,每百人使用计算机数 (台),25,台
云南,530000000000,2015,企业信息化及电子商务情况,每百家企业拥有网站数 (个),51,个
云南,530000000000,2015,企业信息化及电子商务情况,有电子商务交易活动的企业数 (个),1313,个
云南,530000000000,2015,企业信息化及电子商务情况,有电子商务交易活动的企业数比重 (%),9.3,%
云南,530000000000,2015,企业信息化及电子商务情况,电子商务销售额 (亿元),2828.4,亿元
云南,530000000000,2015,企业信息化及电子商务情况,电子商务采购额 (亿元),431.4,亿元
西藏,540000000000,2024,企业信息化及电子商务情况,每百人使用计算机数 (台),44,台
西藏,540000000000,2024,企业信息化及电子商务情况,每百家企业拥有网站数 (个),27,个
西藏,540000000000,2024,企业信息化及电子商务情况,有电子商务交易活动的企业数 (个),278,个
西藏,540000000000,2024,企业信息化及电子商务情况,电子商务销售额 (亿元),295.4,亿元
西藏,540000000000,2024,企业信息化及电子商务情况,电子商务采购额 (亿元),57.5,亿元
西藏,540000000000,2023,企业信息化及电子商务情况,每百人使用计算机数 (台),41,台
西藏,540000000000,2023,企业信息化及电子商务情况,每百家企业拥有网站数 (个),38,个
西藏,540000000000,2023,企业信息化及电子商务情况,有电子商务交易活动的企业数 (个),222,个
西藏,540000000000,2023,企业信息化及电子商务情况,有电子商务交易活动的企业数比重 (%),12.7,%
西藏,540000000000,2023,企业信息化及电子商务情况,电子商务销售额 (亿元),326.1,亿元
西藏,540000000000,2023,企业信息化及电子商务情况,电子商务采购额 (亿元),98.5,亿元
西藏,540000000000,2022,企业信息化及电子商务情况,每百人使用计算机数 (台),42,台
西藏,540000000000,2022,企业信息化及电子商务情况,每百家企业拥有网站数 (个),42,个
西藏,540000000000,2022,企业信息化及电子商务情况,有电子商务交易活动的企业数 (个),126,个
西藏,540000000000,2022,企业信息化及电子商务情况,有电子商务交易活动的企业数比重 (%),8.3,%
西藏,540000000000,2022,企业信息化及电子商务情况,电子商务销售额 (亿元),174.7,亿元
西藏,540000000000,2022,企业信息化及电子商务情况,电子商务采购额 (亿元),33.2,亿元
西藏,540000000000,2021,企业信息化及电子商务情况,每百人使用计算机数 (台),39,台
西藏,540000000000,2021,企业信息化及电子商务情况,每百家企业拥有网站数 (个),45,个
西藏,540000000000,2021,企业信息化及电子商务情况,有电子商务交易活动的企业数 (个),140,个
西藏,540000000000,2021,企业信息化及电子商务情况,有电子商务交易活动的企业数比重 (%),9.9,%
西藏,540000000000,2021,企业信息化及电子商务情况,电子商务销售额 (亿元),152.2,亿元
西藏,540000000000,2021,企业信息化及电子商务情况,电子商务采购额 (亿元),22.1,亿元
西藏,540000000000,2020,企业信息化及电子商务情况,每百人使用计算机数 (台),36,台
西藏,540000000000,2020,企业信息化及电子商务情况,每百家企业拥有网站数 (个),47,个
西藏,540000000000,2020,企业信息化及电子商务情况,有电子商务交易活动的企业数 (个),120,个
西藏,540000000000,2020,企业信息化及电子商务情况,有电子商务交易活动的企业数比重 (%),9.6,%
西藏,540000000000,2020,企业信息化及电子商务情况,电子商务销售额 (亿元),75.2,亿元
西藏,540000000000,2020,企业信息化及电子商务情况,电子商务采购额 (亿元),12.3,亿元
西藏,540000000000,2019,企业信息化及电子商务情况,每百人使用计算机数 (台),33,台
西藏,540000000000,2019,企业信息化及电子商务情况,每百家企业拥有网站数 (个),64,个
西藏,540000000000,2019,企业信息化及电子商务情况,有电子商务交易活动的企业数 (个),96,个
西藏,540000000000,2019,企业信息化及电子商务情况,有电子商务交易活动的企业数比重 (%),10.1,%
西藏,540000000000,2019,企业信息化及电子商务情况,电子商务销售额 (亿元),156.6,亿元
西藏,540000000000,2019,企业信息化及电子商务情况,电子商务采购额 (亿元),38.0,亿元
西藏,540000000000,2018,企业信息化及电子商务情况,每百人使用计算机数 (台),34,台
西藏,540000000000,2018,企业信息化及电子商务情况,每百家企业拥有网站数 (个),59,个
西藏,540000000000,2018,企业信息化及电子商务情况,有电子商务交易活动的企业数 (个),89,个
西藏,540000000000,2018,企业信息化及电子商务情况,有电子商务交易活动的企业数比重 (%),11.2,%
西藏,540000000000,2018,企业信息化及电子商务情况,电子商务销售额 (亿元),119.3,亿元
西藏,540000000000,2018,企业信息化及电子商务情况,电子商务采购额 (亿元),48.3,亿元
西藏,540000000000,2017,企业信息化及电子商务情况,每百人使用计算机数 (台),37,台
西藏,540000000000,2017,企业信息化及电子商务情况,每百家企业拥有网站数 (个),63,个
西藏,540000000000,2017,企业信息化及电子商务情况,有电子商务交易活动的企业数 (个),89,个
西藏,540000000000,2017,企业信息化及电子商务情况,有电子商务交易活动的企业数比重 (%),12.4,%
西藏,540000000000,2017,企业信息化及电子商务情况,电子商务销售额 (亿元),77.6,亿元
西藏,540000000000,2017,企业信息化及电子商务情况,电子商务采购额 (亿元),2.8,亿元
西藏,540000000000,2016,企业信息化及电子商务情况,每百人使用计算机数 (台),30,台
西藏,540000000000,2016,企业信息化及电子商务情况,每百家企业拥有网站数 (个),68,个
西藏,540000000000,2016,企业信息化及电子商务情况,有电子商务交易活动的企业数 (个),109,个
西藏,540000000000,2016,企业信息化及电子商务情况,有电子商务交易活动的企业数比重 (%),17.5,%
西藏,540000000000,2016,企业信息化及电子商务情况,电子商务销售额 (亿元),73.1,亿元
西藏,540000000000,2016,企业信息化及电子商务情况,电子商务采购额 (亿元),40.3,亿元
西藏,540000000000,2015,企业信息化及电子商务情况,每百人使用计算机数 (台),29,台
西藏,540000000000,2015,企业信息化及电子商务情况,每百家企业拥有网站数 (个),65,个
西藏,540000000000,2015,企业信息化及电子商务情况,有电子商务交易活动的企业数 (个),76,个
西藏,540000000000,2015,企业信息化及电子商务情况,有电子商务交易活动的企业数比重 (%),12.6,%
西藏,540000000000,2015,企业信息化及电子商务情况,电子商务销售额 (亿元),31.4,亿元
西藏,540000000000,2015,企业信息化及电子商务情况,电子商务采购额 (亿元),7.3,亿元
陕西,610000000000,2024,企业信息化及电子商务情况,每百人使用计算机数 (台),46,台
陕西,610000000000,2024,企业信息化及电子商务情况,每百家企业拥有网站数 (个),36,个
陕西,610000000000,2024,企业信息化及电子商务情况,有电子商务交易活动的企业数 (个),4165,个
陕西,610000000000,2024,企业信息化及电子商务情况,电子商务销售额 (亿元),6857.4,亿元
陕西,610000000000,2024,企业信息化及电子商务情况,电子商务采购额 (亿元),2797.6,亿元
陕西,610000000000,2023,企业信息化及电子商务情况,每百人使用计算机数 (台),43,台
陕西,610000000000,2023,企业信息化及电子商务情况,每百家企业拥有网站数 (个),43,个
陕西,610000000000,2023,企业信息化及电子商务情况,有电子商务交易活动的企业数 (个),4093,个
陕西,610000000000,2023,企业信息化及电子商务情况,有电子商务交易活动的企业数比重 (%),13.4,%
陕西,610000000000,2023,企业信息化及电子商务情况,电子商务销售额 (亿元),5467.2,亿元
陕西,610000000000,2023,企业信息化及电子商务情况,电子商务采购额 (亿元),2906.5,亿元
陕西,610000000000,2022,企业信息化及电子商务情况,每百人使用计算机数 (台),40,台
陕西,610000000000,2022,企业信息化及电子商务情况,每百家企业拥有网站数 (个),43,个
陕西,610000000000,2022,企业信息化及电子商务情况,有电子商务交易活动的企业数 (个),2968,个
陕西,610000000000,2022,企业信息化及电子商务情况,有电子商务交易活动的企业数比重 (%),10.1,%
陕西,610000000000,2022,企业信息化及电子商务情况,电子商务销售额 (亿元),4034.5,亿元
陕西,610000000000,2022,企业信息化及电子商务情况,电子商务采购额 (亿元),2208.7,亿元
陕西,610000000000,2021,企业信息化及电子商务情况,每百人使用计算机数 (台),39,台
陕西,610000000000,2021,企业信息化及电子商务情况,每百家企业拥有网站数 (个),48,个
陕西,610000000000,2021,企业信息化及电子商务情况,有电子商务交易活动的企业数 (个),3252,个
陕西,610000000000,2021,企业信息化及电子商务情况,有电子商务交易活动的企业数比重 (%),11.9,%
陕西,610000000000,2021,企业信息化及电子商务情况,电子商务销售额 (亿元),3048.6,亿元
陕西,610000000000,2021,企业信息化及电子商务情况,电子商务采购额 (亿元),1813.6,亿元
陕西,610000000000,2020,企业信息化及电子商务情况,每百人使用计算机数 (台),38,台
陕西,610000000000,2020,企业信息化及电子商务情况,每百家企业拥有网站数 (个),47,个
陕西,610000000000,2020,企业信息化及电子商务情况,有电子商务交易活动的企业数 (个),3038,个
陕西,610000000000,2020,企业信息化及电子商务情况,有电子商务交易活动的企业数比重 (%),11.6,%
陕西,610000000000,2020,企业信息化及电子商务情况,电子商务销售额 (亿元),2118.6,亿元
陕西,610000000000,2020,企业信息化及电子商务情况,电子商务采购额 (亿元),1019.1,亿元
陕西,610000000000,2019,企业信息化及电子商务情况,每百人使用计算机数 (台),34,台
陕西,610000000000,2019,企业信息化及电子商务情况,每百家企业拥有网站数 (个),48,个
陕西,610000000000,2019,企业信息化及电子商务情况,有电子商务交易活动的企业数 (个),2713,个
陕西,610000000000,2019,企业信息化及电子商务情况,有电子商务交易活动的企业数比重 (%),11.0,%
陕西,610000000000,2019,企业信息化及电子商务情况,电子商务销售额 (亿元),1994.3,亿元
陕西,610000000000,2019,企业信息化及电子商务情况,电子商务采购额 (亿元),1021.2,亿元
陕西,610000000000,2018,企业信息化及电子商务情况,每百人使用计算机数 (台),32,台
陕西,610000000000,2018,企业信息化及电子商务情况,每百家企业拥有网站数 (个),52,个
陕西,610000000000,2018,企业信息化及电子商务情况,有电子商务交易活动的企业数 (个),2483,个
陕西,610000000000,2018,企业信息化及电子商务情况,有电子商务交易活动的企业数比重 (%),10.9,%
陕西,610000000000,2018,企业信息化及电子商务情况,电子商务销售额 (亿元),1820.3,亿元
陕西,610000000000,2018,企业信息化及电子商务情况,电子商务采购额 (亿元),814.7,亿元
陕西,610000000000,2017,企业信息化及电子商务情况,每百人使用计算机数 (台),30,台
陕西,610000000000,2017,企业信息化及电子商务情况,每百家企业拥有网站数 (个),55,个
陕西,610000000000,2017,企业信息化及电子商务情况,有电子商务交易活动的企业数 (个),2311,个
陕西,610000000000,2017,企业信息化及电子商务情况,有电子商务交易活动的企业数比重 (%),11.0,%
陕西,610000000000,2017,企业信息化及电子商务情况,电子商务销售额 (亿元),1213.7,亿元
陕西,610000000000,2017,企业信息化及电子商务情况,电子商务采购额 (亿元),814.4,亿元
陕西,610000000000,2016,企业信息化及电子商务情况,每百人使用计算机数 (台),26,台
陕西,610000000000,2016,企业信息化及电子商务情况,每百家企业拥有网站数 (个),56,个
陕西,610000000000,2016,企业信息化及电子商务情况,有电子商务交易活动的企业数 (个),2300,个
陕西,610000000000,2016,企业信息化及电子商务情况,有电子商务交易活动的企业数比重 (%),12.2,%
陕西,610000000000,2016,企业信息化及电子商务情况,电子商务销售额 (亿元),1047.5,亿元
陕西,610000000000,2016,企业信息化及电子商务情况,电子商务采购额 (亿元),698.4,亿元
陕西,610000000000,2015,企业信息化及电子商务情况,每百人使用计算机数 (台),24,台
陕西,610000000000,2015,企业信息化及电子商务情况,每百家企业拥有网站数 (个),59,个
陕西,610000000000,2015,企业信息化及电子商务情况,有电子商务交易活动的企业数 (个),1413,个
陕西,610000000000,2015,企业信息化及电子商务情况,有电子商务交易活动的企业数比重 (%),8.4,%
陕西,610000000000,2015,企业信息化及电子商务情况,电子商务销售额 (亿元),925.4,亿元
陕西,610000000000,2015,企业信息化及电子商务情况,电子商务采购额 (亿元),491.6,亿元
甘肃,620000000000,2024,企业信息化及电子商务情况,每百人使用计算机数 (台),35,台
甘肃,620000000000,2024,企业信息化及电子商务情况,每百家企业拥有网站数 (个),25,个
甘肃,620000000000,2024,企业信息化及电子商务情况,有电子商务交易活动的企业数 (个),1391,个
甘肃,620000000000,2024,企业信息化及电子商务情况,电子商务销售额 (亿元),1576.3,亿元
甘肃,620000000000,2024,企业信息化及电子商务情况,电子商务采购额 (亿元),1093.6,亿元
甘肃,620000000000,2023,企业信息化及电子商务情况,每百人使用计算机数 (台),33,台
甘肃,620000000000,2023,企业信息化及电子商务情况,每百家企业拥有网站数 (个),30,个
甘肃,620000000000,2023,企业信息化及电子商务情况,有电子商务交易活动的企业数 (个),1317,个
甘肃,620000000000,2023,企业信息化及电子商务情况,有电子商务交易活动的企业数比重 (%),10.7,%
甘肃,620000000000,2023,企业信息化及电子商务情况,电子商务销售额 (亿元),1403.5,亿元
甘肃,620000000000,2023,企业信息化及电子商务情况,电子商务采购额 (亿元),1039.6,亿元
甘肃,620000000000,2022,企业信息化及电子商务情况,每百人使用计算机数 (台),31,台
甘肃,620000000000,2022,企业信息化及电子商务情况,每百家企业拥有网站数 (个),37,个
甘肃,620000000000,2022,企业信息化及电子商务情况,有电子商务交易活动的企业数 (个),855,个
甘肃,620000000000,2022,企业信息化及电子商务情况,有电子商务交易活动的企业数比重 (%),7.7,%
甘肃,620000000000,2022,企业信息化及电子商务情况,电子商务销售额 (亿元),1174.2,亿元
甘肃,620000000000,2022,企业信息化及电子商务情况,电子商务采购额 (亿元),1136.2,亿元
甘肃,620000000000,2021,企业信息化及电子商务情况,每百人使用计算机数 (台),29,台
甘肃,620000000000,2021,企业信息化及电子商务情况,每百家企业拥有网站数 (个),45,个
甘肃,620000000000,2021,企业信息化及电子商务情况,有电子商务交易活动的企业数 (个),955,个
甘肃,620000000000,2021,企业信息化及电子商务情况,有电子商务交易活动的企业数比重 (%),9.3,%
甘肃,620000000000,2021,企业信息化及电子商务情况,电子商务销售额 (亿元),771.1,亿元
甘肃,620000000000,2021,企业信息化及电子商务情况,电子商务采购额 (亿元),876.4,亿元
甘肃,620000000000,2020,企业信息化及电子商务情况,每百人使用计算机数 (台),28,台
甘肃,620000000000,2020,企业信息化及电子商务情况,每百家企业拥有网站数 (个),43,个
甘肃,620000000000,2020,企业信息化及电子商务情况,有电子商务交易活动的企业数 (个),803,个
甘肃,620000000000,2020,企业信息化及电子商务情况,有电子商务交易活动的企业数比重 (%),8.8,%
甘肃,620000000000,2020,企业信息化及电子商务情况,电子商务销售额 (亿元),543.9,亿元
甘肃,620000000000,2020,企业信息化及电子商务情况,电子商务采购额 (亿元),815.7,亿元
甘肃,620000000000,2019,企业信息化及电子商务情况,每百人使用计算机数 (台),26,台
甘肃,620000000000,2019,企业信息化及电子商务情况,每百家企业拥有网站数 (个),43,个
甘肃,620000000000,2019,企业信息化及电子商务情况,有电子商务交易活动的企业数 (个),674,个
甘肃,620000000000,2019,企业信息化及电子商务情况,有电子商务交易活动的企业数比重 (%),7.9,%
甘肃,620000000000,2019,企业信息化及电子商务情况,电子商务销售额 (亿元),553.5,亿元
甘肃,620000000000,2019,企业信息化及电子商务情况,电子商务采购额 (亿元),788.4,亿元
甘肃,620000000000,2018,企业信息化及电子商务情况,每百人使用计算机数 (台),23,台
甘肃,620000000000,2018,企业信息化及电子商务情况,每百家企业拥有网站数 (个),49,个
甘肃,620000000000,2018,企业信息化及电子商务情况,有电子商务交易活动的企业数 (个),614,个
甘肃,620000000000,2018,企业信息化及电子商务情况,有电子商务交易活动的企业数比重 (%),7.5,%
甘肃,620000000000,2018,企业信息化及电子商务情况,电子商务销售额 (亿元),506.4,亿元
甘肃,620000000000,2018,企业信息化及电子商务情况,电子商务采购额 (亿元),784.8,亿元
甘肃,620000000000,2017,企业信息化及电子商务情况,每百人使用计算机数 (台),22,台
甘肃,620000000000,2017,企业信息化及电子商务情况,每百家企业拥有网站数 (个),52,个
甘肃,620000000000,2017,企业信息化及电子商务情况,有电子商务交易活动的企业数 (个),578,个
甘肃,620000000000,2017,企业信息化及电子商务情况,有电子商务交易活动的企业数比重 (%),6.8,%
甘肃,620000000000,2017,企业信息化及电子商务情况,电子商务销售额 (亿元),412.6,亿元
甘肃,620000000000,2017,企业信息化及电子商务情况,电子商务采购额 (亿元),777.8,亿元
甘肃,620000000000,2016,企业信息化及电子商务情况,每百人使用计算机数 (台),20,台
甘肃,620000000000,2016,企业信息化及电子商务情况,每百家企业拥有网站数 (个),55,个
甘肃,620000000000,2016,企业信息化及电子商务情况,有电子商务交易活动的企业数 (个),886,个
甘肃,620000000000,2016,企业信息化及电子商务情况,有电子商务交易活动的企业数比重 (%),10.5,%
甘肃,620000000000,2016,企业信息化及电子商务情况,电子商务销售额 (亿元),325.0,亿元
甘肃,620000000000,2016,企业信息化及电子商务情况,电子商务采购额 (亿元),376.3,亿元
甘肃,620000000000,2015,企业信息化及电子商务情况,每百人使用计算机数 (台),19,台
甘肃,620000000000,2015,企业信息化及电子商务情况,每百家企业拥有网站数 (个),54,个
甘肃,620000000000,2015,企业信息化及电子商务情况,有电子商务交易活动的企业数 (个),627,个
甘肃,620000000000,2015,企业信息化及电子商务情况,有电子商务交易活动的企业数比重 (%),8.0,%
甘肃,620000000000,2015,企业信息化及电子商务情况,电子商务销售额 (亿元),321.1,亿元
甘肃,620000000000,2015,企业信息化及电子商务情况,电子商务采购额 (亿元),553.8,亿元
青海,630000000000,2024,企业信息化及电子商务情况,每百人使用计算机数 (台),43,台
青海,630000000000,2024,企业信息化及电子商务情况,每百家企业拥有网站数 (个),25,个
青海,630000000000,2024,企业信息化及电子商务情况,有电子商务交易活动的企业数 (个),359,个
青海,630000000000,2024,企业信息化及电子商务情况,电子商务销售额 (亿元),380.8,亿元
青海,630000000000,2024,企业信息化及电子商务情况,电子商务采购额 (亿元),377.0,亿元
青海,630000000000,2023,企业信息化及电子商务情况,每百人使用计算机数 (台),41,台
青海,630000000000,2023,企业信息化及电子商务情况,每百家企业拥有网站数 (个),32,个
青海,630000000000,2023,企业信息化及电子商务情况,有电子商务交易活动的企业数 (个),368,个
青海,630000000000,2023,企业信息化及电子商务情况,有电子商务交易活动的企业数比重 (%),13.5,%
青海,630000000000,2023,企业信息化及电子商务情况,电子商务销售额 (亿元),483.8,亿元
青海,630000000000,2023,企业信息化及电子商务情况,电子商务采购额 (亿元),353.3,亿元
青海,630000000000,2022,企业信息化及电子商务情况,每百人使用计算机数 (台),44,台
青海,630000000000,2022,企业信息化及电子商务情况,每百家企业拥有网站数 (个),37,个
青海,630000000000,2022,企业信息化及电子商务情况,有电子商务交易活动的企业数 (个),305,个
青海,630000000000,2022,企业信息化及电子商务情况,有电子商务交易活动的企业数比重 (%),12.2,%
青海,630000000000,2022,企业信息化及电子商务情况,电子商务销售额 (亿元),820.0,亿元
青海,630000000000,2022,企业信息化及电子商务情况,电子商务采购额 (亿元),315.8,亿元
青海,630000000000,2021,企业信息化及电子商务情况,每百人使用计算机数 (台),44,台
青海,630000000000,2021,企业信息化及电子商务情况,每百家企业拥有网站数 (个),43,个
青海,630000000000,2021,企业信息化及电子商务情况,有电子商务交易活动的企业数 (个),301,个
青海,630000000000,2021,企业信息化及电子商务情况,有电子商务交易活动的企业数比重 (%),12.7,%
青海,630000000000,2021,企业信息化及电子商务情况,电子商务销售额 (亿元),665.2,亿元
青海,630000000000,2021,企业信息化及电子商务情况,电子商务采购额 (亿元),275.8,亿元
青海,630000000000,2020,企业信息化及电子商务情况,每百人使用计算机数 (台),42,台
青海,630000000000,2020,企业信息化及电子商务情况,每百家企业拥有网站数 (个),43,个
青海,630000000000,2020,企业信息化及电子商务情况,有电子商务交易活动的企业数 (个),235,个
青海,630000000000,2020,企业信息化及电子商务情况,有电子商务交易活动的企业数比重 (%),10.3,%
青海,630000000000,2020,企业信息化及电子商务情况,电子商务销售额 (亿元),201.6,亿元
青海,630000000000,2020,企业信息化及电子商务情况,电子商务采购额 (亿元),197.4,亿元
青海,630000000000,2019,企业信息化及电子商务情况,每百人使用计算机数 (台),40,台
青海,630000000000,2019,企业信息化及电子商务情况,每百家企业拥有网站数 (个),44,个
青海,630000000000,2019,企业信息化及电子商务情况,有电子商务交易活动的企业数 (个),211,个
青海,630000000000,2019,企业信息化及电子商务情况,有电子商务交易活动的企业数比重 (%),9.3,%
青海,630000000000,2019,企业信息化及电子商务情况,电子商务销售额 (亿元),210.8,亿元
青海,630000000000,2019,企业信息化及电子商务情况,电子商务采购额 (亿元),219.0,亿元
青海,630000000000,2018,企业信息化及电子商务情况,每百人使用计算机数 (台),36,台
青海,630000000000,2018,企业信息化及电子商务情况,每百家企业拥有网站数 (个),51,个
青海,630000000000,2018,企业信息化及电子商务情况,有电子商务交易活动的企业数 (个),186,个
青海,630000000000,2018,企业信息化及电子商务情况,有电子商务交易活动的企业数比重 (%),9.0,%
青海,630000000000,2018,企业信息化及电子商务情况,电子商务销售额 (亿元),168.0,亿元
青海,630000000000,2018,企业信息化及电子商务情况,电子商务采购额 (亿元),169.1,亿元
青海,630000000000,2017,企业信息化及电子商务情况,每百人使用计算机数 (台),30,台
青海,630000000000,2017,企业信息化及电子商务情况,每百家企业拥有网站数 (个),56,个
青海,630000000000,2017,企业信息化及电子商务情况,有电子商务交易活动的企业数 (个),192,个
青海,630000000000,2017,企业信息化及电子商务情况,有电子商务交易活动的企业数比重 (%),9.1,%
青海,630000000000,2017,企业信息化及电子商务情况,电子商务销售额 (亿元),133.0,亿元
青海,630000000000,2017,企业信息化及电子商务情况,电子商务采购额 (亿元),153.6,亿元
青海,630000000000,2016,企业信息化及电子商务情况,每百人使用计算机数 (台),27,台
青海,630000000000,2016,企业信息化及电子商务情况,每百家企业拥有网站数 (个),58,个
青海,630000000000,2016,企业信息化及电子商务情况,有电子商务交易活动的企业数 (个),233,个
青海,630000000000,2016,企业信息化及电子商务情况,有电子商务交易活动的企业数比重 (%),10.8,%
青海,630000000000,2016,企业信息化及电子商务情况,电子商务销售额 (亿元),441.7,亿元
青海,630000000000,2016,企业信息化及电子商务情况,电子商务采购额 (亿元),449.4,亿元
青海,630000000000,2015,企业信息化及电子商务情况,每百人使用计算机数 (台),26,台
青海,630000000000,2015,企业信息化及电子商务情况,每百家企业拥有网站数 (个),57,个
青海,630000000000,2015,企业信息化及电子商务情况,有电子商务交易活动的企业数 (个),164,个
青海,630000000000,2015,企业信息化及电子商务情况,有电子商务交易活动的企业数比重 (%),8.2,%
青海,630000000000,2015,企业信息化及电子商务情况,电子商务销售额 (亿元),643.7,亿元
青海,630000000000,2015,企业信息化及电子商务情况,电子商务采购额 (亿元),91.0,亿元
宁夏,640000000000,2024,企业信息化及电子商务情况,每百人使用计算机数 (台),39,台
宁夏,640000000000,2024,企业信息化及电子商务情况,每百家企业拥有网站数 (个),29,个
宁夏,640000000000,2024,企业信息化及电子商务情况,有电子商务交易活动的企业数 (个),541,个
宁夏,640000000000,2024,企业信息化及电子商务情况,电子商务销售额 (亿元),1015.2,亿元
宁夏,640000000000,2024,企业信息化及电子商务情况,电子商务采购额 (亿元),562.9,亿元
宁夏,640000000000,2023,企业信息化及电子商务情况,每百人使用计算机数 (台),36,台
宁夏,640000000000,2023,企业信息化及电子商务情况,每百家企业拥有网站数 (个),35,个
宁夏,640000000000,2023,企业信息化及电子商务情况,有电子商务交易活动的企业数 (个),544,个
宁夏,640000000000,2023,企业信息化及电子商务情况,有电子商务交易活动的企业数比重 (%),12.4,%
宁夏,640000000000,2023,企业信息化及电子商务情况,电子商务销售额 (亿元),751.0,亿元
宁夏,640000000000,2023,企业信息化及电子商务情况,电子商务采购额 (亿元),482.9,亿元
宁夏,640000000000,2022,企业信息化及电子商务情况,每百人使用计算机数 (台),36,台
宁夏,640000000000,2022,企业信息化及电子商务情况,每百家企业拥有网站数 (个),39,个
宁夏,640000000000,2022,企业信息化及电子商务情况,有电子商务交易活动的企业数 (个),358,个
宁夏,640000000000,2022,企业信息化及电子商务情况,有电子商务交易活动的企业数比重 (%),8.5,%
宁夏,640000000000,2022,企业信息化及电子商务情况,电子商务销售额 (亿元),468.6,亿元
宁夏,640000000000,2022,企业信息化及电子商务情况,电子商务采购额 (亿元),341.5,亿元
宁夏,640000000000,2021,企业信息化及电子商务情况,每百人使用计算机数 (台),35,台
宁夏,640000000000,2021,企业信息化及电子商务情况,每百家企业拥有网站数 (个),45,个
宁夏,640000000000,2021,企业信息化及电子商务情况,有电子商务交易活动的企业数 (个),351,个
宁夏,640000000000,2021,企业信息化及电子商务情况,有电子商务交易活动的企业数比重 (%),9.3,%
宁夏,640000000000,2021,企业信息化及电子商务情况,电子商务销售额 (亿元),317.2,亿元
宁夏,640000000000,2021,企业信息化及电子商务情况,电子商务采购额 (亿元),236.1,亿元
宁夏,640000000000,2020,企业信息化及电子商务情况,每百人使用计算机数 (台),34,台
宁夏,640000000000,2020,企业信息化及电子商务情况,每百家企业拥有网站数 (个),45,个
宁夏,640000000000,2020,企业信息化及电子商务情况,有电子商务交易活动的企业数 (个),315,个
宁夏,640000000000,2020,企业信息化及电子商务情况,有电子商务交易活动的企业数比重 (%),8.9,%
宁夏,640000000000,2020,企业信息化及电子商务情况,电子商务销售额 (亿元),235.5,亿元
宁夏,640000000000,2020,企业信息化及电子商务情况,电子商务采购额 (亿元),193.8,亿元
宁夏,640000000000,2019,企业信息化及电子商务情况,每百人使用计算机数 (台),29,台
宁夏,640000000000,2019,企业信息化及电子商务情况,每百家企业拥有网站数 (个),44,个
宁夏,640000000000,2019,企业信息化及电子商务情况,有电子商务交易活动的企业数 (个),296,个
宁夏,640000000000,2019,企业信息化及电子商务情况,有电子商务交易活动的企业数比重 (%),8.6,%
宁夏,640000000000,2019,企业信息化及电子商务情况,电子商务销售额 (亿元),243.5,亿元
宁夏,640000000000,2019,企业信息化及电子商务情况,电子商务采购额 (亿元),171.8,亿元
宁夏,640000000000,2018,企业信息化及电子商务情况,每百人使用计算机数 (台),31,台
宁夏,640000000000,2018,企业信息化及电子商务情况,每百家企业拥有网站数 (个),50,个
宁夏,640000000000,2018,企业信息化及电子商务情况,有电子商务交易活动的企业数 (个),286,个
宁夏,640000000000,2018,企业信息化及电子商务情况,有电子商务交易活动的企业数比重 (%),8.5,%
宁夏,640000000000,2018,企业信息化及电子商务情况,电子商务销售额 (亿元),267.1,亿元
宁夏,640000000000,2018,企业信息化及电子商务情况,电子商务采购额 (亿元),217.6,亿元
宁夏,640000000000,2017,企业信息化及电子商务情况,每百人使用计算机数 (台),30,台
宁夏,640000000000,2017,企业信息化及电子商务情况,每百家企业拥有网站数 (个),52,个
宁夏,640000000000,2017,企业信息化及电子商务情况,有电子商务交易活动的企业数 (个),299,个
宁夏,640000000000,2017,企业信息化及电子商务情况,有电子商务交易活动的企业数比重 (%),8.4,%
宁夏,640000000000,2017,企业信息化及电子商务情况,电子商务销售额 (亿元),249.5,亿元
宁夏,640000000000,2017,企业信息化及电子商务情况,电子商务采购额 (亿元),185.2,亿元
宁夏,640000000000,2016,企业信息化及电子商务情况,每百人使用计算机数 (台),28,台
宁夏,640000000000,2016,企业信息化及电子商务情况,每百家企业拥有网站数 (个),53,个
宁夏,640000000000,2016,企业信息化及电子商务情况,有电子商务交易活动的企业数 (个),371,个
宁夏,640000000000,2016,企业信息化及电子商务情况,有电子商务交易活动的企业数比重 (%),11.2,%
宁夏,640000000000,2016,企业信息化及电子商务情况,电子商务销售额 (亿元),169.2,亿元
宁夏,640000000000,2016,企业信息化及电子商务情况,电子商务采购额 (亿元),117.7,亿元
宁夏,640000000000,2015,企业信息化及电子商务情况,每百人使用计算机数 (台),26,台
宁夏,640000000000,2015,企业信息化及电子商务情况,每百家企业拥有网站数 (个),55,个
宁夏,640000000000,2015,企业信息化及电子商务情况,有电子商务交易活动的企业数 (个),331,个
宁夏,640000000000,2015,企业信息化及电子商务情况,有电子商务交易活动的企业数比重 (%),9.9,%
宁夏,640000000000,2015,企业信息化及电子商务情况,电子商务销售额 (亿元),111.7,亿元
宁夏,640000000000,2015,企业信息化及电子商务情况,电子商务采购额 (亿元),79.3,亿元
新疆,650000000000,2024,企业信息化及电子商务情况,每百人使用计算机数 (台),35,台
新疆,650000000000,2024,企业信息化及电子商务情况,每百家企业拥有网站数 (个),20,个
新疆,650000000000,2024,企业信息化及电子商务情况,有电子商务交易活动的企业数 (个),1970,个
新疆,650000000000,2024,企业信息化及电子商务情况,电子商务销售额 (亿元),4876.2,亿元
新疆,650000000000,2024,企业信息化及电子商务情况,电子商务采购额 (亿元),3637.6,亿元
新疆,650000000000,2023,企业信息化及电子商务情况,每百人使用计算机数 (台),33,台
新疆,650000000000,2023,企业信息化及电子商务情况,每百家企业拥有网站数 (个),21,个
新疆,650000000000,2023,企业信息化及电子商务情况,有电子商务交易活动的企业数 (个),1816,个
新疆,650000000000,2023,企业信息化及电子商务情况,有电子商务交易活动的企业数比重 (%),9.6,%
新疆,650000000000,2023,企业信息化及电子商务情况,电子商务销售额 (亿元),3372.3,亿元
新疆,650000000000,2023,企业信息化及电子商务情况,电子商务采购额 (亿元),2505.3,亿元
新疆,650000000000,2022,企业信息化及电子商务情况,每百人使用计算机数 (台),33,台
新疆,650000000000,2022,企业信息化及电子商务情况,每百家企业拥有网站数 (个),21,个
新疆,650000000000,2022,企业信息化及电子商务情况,有电子商务交易活动的企业数 (个),1047,个
新疆,650000000000,2022,企业信息化及电子商务情况,有电子商务交易活动的企业数比重 (%),6.1,%
新疆,650000000000,2022,企业信息化及电子商务情况,电子商务销售额 (亿元),1725.9,亿元
新疆,650000000000,2022,企业信息化及电子商务情况,电子商务采购额 (亿元),1432.3,亿元
新疆,650000000000,2021,企业信息化及电子商务情况,每百人使用计算机数 (台),32,台
新疆,650000000000,2021,企业信息化及电子商务情况,每百家企业拥有网站数 (个),26,个
新疆,650000000000,2021,企业信息化及电子商务情况,有电子商务交易活动的企业数 (个),934,个
新疆,650000000000,2021,企业信息化及电子商务情况,有电子商务交易活动的企业数比重 (%),6.0,%
新疆,650000000000,2021,企业信息化及电子商务情况,电子商务销售额 (亿元),917.7,亿元
新疆,650000000000,2021,企业信息化及电子商务情况,电子商务采购额 (亿元),871.5,亿元
新疆,650000000000,2020,企业信息化及电子商务情况,每百人使用计算机数 (台),30,台
新疆,650000000000,2020,企业信息化及电子商务情况,每百家企业拥有网站数 (个),24,个
新疆,650000000000,2020,企业信息化及电子商务情况,有电子商务交易活动的企业数 (个),852,个
新疆,650000000000,2020,企业信息化及电子商务情况,有电子商务交易活动的企业数比重 (%),6.2,%
新疆,650000000000,2020,企业信息化及电子商务情况,电子商务销售额 (亿元),731.3,亿元
新疆,650000000000,2020,企业信息化及电子商务情况,电子商务采购额 (亿元),722.7,亿元
新疆,650000000000,2019,企业信息化及电子商务情况,每百人使用计算机数 (台),29,台
新疆,650000000000,2019,企业信息化及电子商务情况,每百家企业拥有网站数 (个),26,个
新疆,650000000000,2019,企业信息化及电子商务情况,有电子商务交易活动的企业数 (个),681,个
新疆,650000000000,2019,企业信息化及电子商务情况,有电子商务交易活动的企业数比重 (%),5.7,%
新疆,650000000000,2019,企业信息化及电子商务情况,电子商务销售额 (亿元),718.8,亿元
新疆,650000000000,2019,企业信息化及电子商务情况,电子商务采购额 (亿元),764.9,亿元
新疆,650000000000,2018,企业信息化及电子商务情况,每百人使用计算机数 (台),28,台
新疆,650000000000,2018,企业信息化及电子商务情况,每百家企业拥有网站数 (个),31,个
新疆,650000000000,2018,企业信息化及电子商务情况,有电子商务交易活动的企业数 (个),521,个
新疆,650000000000,2018,企业信息化及电子商务情况,有电子商务交易活动的企业数比重 (%),5.1,%
新疆,650000000000,2018,企业信息化及电子商务情况,电子商务销售额 (亿元),850.9,亿元
新疆,650000000000,2018,企业信息化及电子商务情况,电子商务采购额 (亿元),580.9,亿元
新疆,650000000000,2017,企业信息化及电子商务情况,每百人使用计算机数 (台),26,台
新疆,650000000000,2017,企业信息化及电子商务情况,每百家企业拥有网站数 (个),31,个
新疆,650000000000,2017,企业信息化及电子商务情况,有电子商务交易活动的企业数 (个),536,个
新疆,650000000000,2017,企业信息化及电子商务情况,有电子商务交易活动的企业数比重 (%),5.2,%
新疆,650000000000,2017,企业信息化及电子商务情况,电子商务销售额 (亿元),597.0,亿元
新疆,650000000000,2017,企业信息化及电子商务情况,电子商务采购额 (亿元),300.1,亿元
新疆,650000000000,2016,企业信息化及电子商务情况,每百人使用计算机数 (台),25,台
新疆,650000000000,2016,企业信息化及电子商务情况,每百家企业拥有网站数 (个),34,个
新疆,650000000000,2016,企业信息化及电子商务情况,有电子商务交易活动的企业数 (个),628,个
新疆,650000000000,2016,企业信息化及电子商务情况,有电子商务交易活动的企业数比重 (%),6.2,%
新疆,650000000000,2016,企业信息化及电子商务情况,电子商务销售额 (亿元),326.2,亿元
新疆,650000000000,2016,企业信息化及电子商务情况,电子商务采购额 (亿元),272.6,亿元
新疆,650000000000,2015,企业信息化及电子商务情况,每百人使用计算机数 (台),23,台
新疆,650000000000,2015,企业信息化及电子商务情况,每百家企业拥有网站数 (个),37,个
新疆,650000000000,2015,企业信息化及电子商务情况,有电子商务交易活动的企业数 (个),571,个
新疆,650000000000,2015,企业信息化及电子商务情况,有电子商务交易活动的企业数比重 (%),6.0,%
新疆,650000000000,2015,企业信息化及电子商务情况,电子商务销售额 (亿元),711.2,亿元
新疆,650000000000,2015,企业信息化及电子商务情况,电子商务采购额 (亿元),562.2,亿元
北京,110000000000,2024,互联网主要指标发展情况,互联网宽带接入用户 (万户),992.1,万户
北京,110000000000,2024,互联网主要指标发展情况,移动互联网用户 (万户),3406.10,万户
北京,110000000000,2024,互联网主要指标发展情况,移动互联网接入流量 (万GB),771121.67,万GB
北京,110000000000,2023,互联网主要指标发展情况,互联网宽带接入用户 (万户),933.4,万户
北京,110000000000,2023,互联网主要指标发展情况,移动互联网用户 (万户),3364.70,万户
北京,110000000000,2023,互联网主要指标发展情况,移动互联网接入流量 (万GB),668029.50,万GB
北京,110000000000,2022,互联网主要指标发展情况,互联网宽带接入用户 (万户),877.3,万户
北京,110000000000,2022,互联网主要指标发展情况,移动互联网用户 (万户),3246.36,万户
北京,110000000000,2022,互联网主要指标发展情况,移动互联网接入流量 (万GB),584496.08,万GB
北京,110000000000,2021,互联网主要指标发展情况,互联网宽带接入用户 (万户),806.3,万户
北京,110000000000,2021,互联网主要指标发展情况,移动互联网用户 (万户),3379.41,万户
北京,110000000000,2021,互联网主要指标发展情况,移动互联网接入流量 (万GB),509995.64,万GB
北京,110000000000,2020,互联网主要指标发展情况,互联网宽带接入用户 (万户),747.3,万户
北京,110000000000,2020,互联网主要指标发展情况,移动互联网用户 (万户),3272.85,万户
北京,110000000000,2020,互联网主要指标发展情况,移动互联网接入流量 (万GB),383027.39,万GB
北京,110000000000,2019,互联网主要指标发展情况,互联网宽带接入用户 (万户),688.1,万户
北京,110000000000,2019,互联网主要指标发展情况,移动互联网用户 (万户),3289.20,万户
北京,110000000000,2019,互联网主要指标发展情况,移动互联网接入流量 (万GB),295127.40,万GB
北京,110000000000,2018,互联网主要指标发展情况,互联网宽带接入用户 (万户),638.8,万户
北京,110000000000,2018,互联网主要指标发展情况,移动互联网用户 (万户),3291.13,万户
北京,110000000000,2018,互联网主要指标发展情况,移动互联网接入流量 (万GB),181330.15,万GB
北京,110000000000,2017,互联网主要指标发展情况,互联网宽带接入用户 (万户),541.9,万户
北京,110000000000,2017,互联网主要指标发展情况,移动互联网用户 (万户),4639.72,万户
北京,110000000000,2017,互联网主要指标发展情况,移动互联网接入流量 (万GB),78117.85,万GB
北京,110000000000,2016,互联网主要指标发展情况,互联网宽带接入用户 (万户),475.8,万户
北京,110000000000,2016,互联网主要指标发展情况,移动互联网用户 (万户),3594.04,万户
北京,110000000000,2016,互联网主要指标发展情况,移动互联网接入流量 (万GB),33436.11,万GB
北京,110000000000,2015,互联网主要指标发展情况,互联网宽带接入用户 (万户),491.9,万户
北京,110000000000,2015,互联网主要指标发展情况,移动互联网用户 (万户),3251.70,万户
北京,110000000000,2015,互联网主要指标发展情况,移动互联网接入流量 (万GB),15334.75,万GB
天津,120000000000,2024,互联网主要指标发展情况,互联网宽带接入用户 (万户),704.0,万户
天津,120000000000,2024,互联网主要指标发展情况,移动互联网用户 (万户),1710.90,万户
天津,120000000000,2024,互联网主要指标发展情况,移动互联网接入流量 (万GB),386654.08,万GB
天津,120000000000,2023,互联网主要指标发展情况,互联网宽带接入用户 (万户),673.4,万户
天津,120000000000,2023,互联网主要指标发展情况,移动互联网用户 (万户),1644.70,万户
天津,120000000000,2023,互联网主要指标发展情况,移动互联网接入流量 (万GB),324323.90,万GB
天津,120000000000,2022,互联网主要指标发展情况,互联网宽带接入用户 (万户),631.1,万户
天津,120000000000,2022,互联网主要指标发展情况,移动互联网用户 (万户),1572.08,万户
天津,120000000000,2022,互联网主要指标发展情况,移动互联网接入流量 (万GB),289551.22,万GB
天津,120000000000,2021,互联网主要指标发展情况,互联网宽带接入用户 (万户),584.5,万户
天津,120000000000,2021,互联网主要指标发展情况,移动互联网用户 (万户),1536.83,万户
天津,120000000000,2021,互联网主要指标发展情况,移动互联网接入流量 (万GB),264964.30,万GB
天津,120000000000,2020,互联网主要指标发展情况,互联网宽带接入用户 (万户),534.6,万户
天津,120000000000,2020,互联网主要指标发展情况,移动互联网用户 (万户),1488.82,万户
天津,120000000000,2020,互联网主要指标发展情况,移动互联网接入流量 (万GB),189491.20,万GB
天津,120000000000,2019,互联网主要指标发展情况,互联网宽带接入用户 (万户),523.6,万户
天津,120000000000,2019,互联网主要指标发展情况,移动互联网用户 (万户),1450.71,万户
天津,120000000000,2019,互联网主要指标发展情况,移动互联网接入流量 (万GB),136299.25,万GB
天津,120000000000,2018,互联网主要指标发展情况,互联网宽带接入用户 (万户),437.9,万户
天津,120000000000,2018,互联网主要指标发展情况,移动互联网用户 (万户),1352.46,万户
天津,120000000000,2018,互联网主要指标发展情况,移动互联网接入流量 (万GB),79874.06,万GB
天津,120000000000,2017,互联网主要指标发展情况,互联网宽带接入用户 (万户),339.3,万户
天津,120000000000,2017,互联网主要指标发展情况,移动互联网用户 (万户),1309.56,万户
天津,120000000000,2017,互联网主要指标发展情况,移动互联网接入流量 (万GB),25341.76,万GB
天津,120000000000,2016,互联网主要指标发展情况,互联网宽带接入用户 (万户),283.9,万户
天津,120000000000,2016,互联网主要指标发展情况,移动互联网用户 (万户),1125.42,万户
天津,120000000000,2016,互联网主要指标发展情况,移动互联网接入流量 (万GB),10100.27,万GB
天津,120000000000,2015,互联网主要指标发展情况,互联网宽带接入用户 (万户),249.8,万户
天津,120000000000,2015,互联网主要指标发展情况,移动互联网用户 (万户),958.11,万户
天津,120000000000,2015,互联网主要指标发展情况,移动互联网接入流量 (万GB),5458.89,万GB
河北,130000000000,2024,互联网主要指标发展情况,互联网宽带接入用户 (万户),3345.7,万户
河北,130000000000,2024,互联网主要指标发展情况,移动互联网用户 (万户),8097.80,万户
河北,130000000000,2024,互联网主要指标发展情况,移动互联网接入流量 (万GB),1416625.83,万GB
河北,130000000000,2023,互联网主要指标发展情况,互联网宽带接入用户 (万户),3179.7,万户
河北,130000000000,2023,互联网主要指标发展情况,移动互联网用户 (万户),7892.90,万户
河北,130000000000,2023,互联网主要指标发展情况,移动互联网接入流量 (万GB),1205637.50,万GB
河北,130000000000,2022,互联网主要指标发展情况,互联网宽带接入用户 (万户),2992.6,万户
河北,130000000000,2022,互联网主要指标发展情况,移动互联网用户 (万户),7578.80,万户
河北,130000000000,2022,互联网主要指标发展情况,移动互联网接入流量 (万GB),1072327.23,万GB
河北,130000000000,2021,互联网主要指标发展情况,互联网宽带接入用户 (万户),2796.9,万户
河北,130000000000,2021,互联网主要指标发展情况,移动互联网用户 (万户),7512.48,万户
河北,130000000000,2021,互联网主要指标发展情况,移动互联网接入流量 (万GB),942519.90,万GB
河北,130000000000,2020,互联网主要指标发展情况,互联网宽带接入用户 (万户),2534.4,万户
河北,130000000000,2020,互联网主要指标发展情况,移动互联网用户 (万户),7103.97,万户
河北,130000000000,2020,互联网主要指标发展情况,移动互联网接入流量 (万GB),721397.24,万GB
河北,130000000000,2019,互联网主要指标发展情况,互联网宽带接入用户 (万户),2359.7,万户
河北,130000000000,2019,互联网主要指标发展情况,移动互联网用户 (万户),6915.15,万户
河北,130000000000,2019,互联网主要指标发展情况,移动互联网接入流量 (万GB),547784.08,万GB
河北,130000000000,2018,互联网主要指标发展情况,互联网宽带接入用户 (万户),2159.8,万户
河北,130000000000,2018,互联网主要指标发展情况,移动互联网用户 (万户),6505.32,万户
河北,130000000000,2018,互联网主要指标发展情况,移动互联网接入流量 (万GB),306648.36,万GB
河北,130000000000,2017,互联网主要指标发展情况,互联网宽带接入用户 (万户),1910.1,万户
河北,130000000000,2017,互联网主要指标发展情况,移动互联网用户 (万户),6211.80,万户
河北,130000000000,2017,互联网主要指标发展情况,移动互联网接入流量 (万GB),102527.73,万GB
河北,130000000000,2016,互联网主要指标发展情况,互联网宽带接入用户 (万户),1612.0,万户
河北,130000000000,2016,互联网主要指标发展情况,移动互联网用户 (万户),5518.33,万户
河北,130000000000,2016,互联网主要指标发展情况,移动互联网接入流量 (万GB),37107.75,万GB
河北,130000000000,2015,互联网主要指标发展情况,互联网宽带接入用户 (万户),1317.2,万户
河北,130000000000,2015,互联网主要指标发展情况,移动互联网用户 (万户),4588.67,万户
河北,130000000000,2015,互联网主要指标发展情况,移动互联网接入流量 (万GB),12965.36,万GB
山西,140000000000,2024,互联网主要指标发展情况,互联网宽带接入用户 (万户),1733.9,万户
山西,140000000000,2024,互联网主要指标发展情况,移动互联网用户 (万户),3822.90,万户
山西,140000000000,2024,互联网主要指标发展情况,移动互联网接入流量 (万GB),667633.76,万GB
山西,140000000000,2023,互联网主要指标发展情况,互联网宽带接入用户 (万户),1605.1,万户
山西,140000000000,2023,互联网主要指标发展情况,移动互联网用户 (万户),3721.20,万户
山西,140000000000,2023,互联网主要指标发展情况,移动互联网接入流量 (万GB),617431.80,万GB
山西,140000000000,2022,互联网主要指标发展情况,互联网宽带接入用户 (万户),1470.6,万户
山西,140000000000,2022,互联网主要指标发展情况,移动互联网用户 (万户),3463.32,万户
山西,140000000000,2022,互联网主要指标发展情况,移动互联网接入流量 (万GB),539706.43,万GB
山西,140000000000,2021,互联网主要指标发展情况,互联网宽带接入用户 (万户),1350.4,万户
山西,140000000000,2021,互联网主要指标发展情况,移动互联网用户 (万户),3325.81,万户
山西,140000000000,2021,互联网主要指标发展情况,移动互联网接入流量 (万GB),486348.03,万GB
山西,140000000000,2020,互联网主要指标发展情况,互联网宽带接入用户 (万户),1252.1,万户
山西,140000000000,2020,互联网主要指标发展情况,移动互联网用户 (万户),3266.29,万户
山西,140000000000,2020,互联网主要指标发展情况,移动互联网接入流量 (万GB),365455.13,万GB
山西,140000000000,2019,互联网主要指标发展情况,互联网宽带接入用户 (万户),1126.1,万户
山西,140000000000,2019,互联网主要指标发展情况,移动互联网用户 (万户),3142.31,万户
山西,140000000000,2019,互联网主要指标发展情况,移动互联网接入流量 (万GB),269032.06,万GB
山西,140000000000,2018,互联网主要指标发展情况,互联网宽带接入用户 (万户),991.0,万户
山西,140000000000,2018,互联网主要指标发展情况,移动互联网用户 (万户),3086.33,万户
山西,140000000000,2018,互联网主要指标发展情况,移动互联网接入流量 (万GB),145721.07,万GB
山西,140000000000,2017,互联网主要指标发展情况,互联网宽带接入用户 (万户),872.9,万户
山西,140000000000,2017,互联网主要指标发展情况,移动互联网用户 (万户),2956.15,万户
山西,140000000000,2017,互联网主要指标发展情况,移动互联网接入流量 (万GB),49212.86,万GB
山西,140000000000,2016,互联网主要指标发展情况,互联网宽带接入用户 (万户),747.2,万户
山西,140000000000,2016,互联网主要指标发展情况,移动互联网用户 (万户),2485.33,万户
山西,140000000000,2016,互联网主要指标发展情况,移动互联网接入流量 (万GB),16817.84,万GB
山西,140000000000,2015,互联网主要指标发展情况,互联网宽带接入用户 (万户),723.9,万户
山西,140000000000,2015,互联网主要指标发展情况,移动互联网用户 (万户),2162.22,万户
山西,140000000000,2015,互联网主要指标发展情况,移动互联网接入流量 (万GB),6779.87,万GB
内蒙古,150000000000,2024,互联网主要指标发展情况,互联网宽带接入用户 (万户),978.8,万户
内蒙古,150000000000,2024,互联网主要指标发展情况,移动互联网用户 (万户),2661.20,万户
内蒙古,150000000000,2024,互联网主要指标发展情况,移动互联网接入流量 (万GB),537156.74,万GB
内蒙古,150000000000,2023,互联网主要指标发展情况,互联网宽带接入用户 (万户),948.5,万户
内蒙古,150000000000,2023,互联网主要指标发展情况,移动互联网用户 (万户),2661.50,万户
内蒙古,150000000000,2023,互联网主要指标发展情况,移动互联网接入流量 (万GB),503971.30,万GB
内蒙古,150000000000,2022,互联网主要指标发展情况,互联网宽带接入用户 (万户),868.0,万户
内蒙古,150000000000,2022,互联网主要指标发展情况,移动互联网用户 (万户),2577.01,万户
内蒙古,150000000000,2022,互联网主要指标发展情况,移动互联网接入流量 (万GB),439809.93,万GB
内蒙古,150000000000,2021,互联网主要指标发展情况,互联网宽带接入用户 (万户),796.2,万户
内蒙古,150000000000,2021,互联网主要指标发展情况,移动互联网用户 (万户),2665.19,万户
内蒙古,150000000000,2021,互联网主要指标发展情况,移动互联网接入流量 (万GB),405069.15,万GB
内蒙古,150000000000,2020,互联网主要指标发展情况,互联网宽带接入用户 (万户),722.9,万户
内蒙古,150000000000,2020,互联网主要指标发展情况,移动互联网用户 (万户),2574.26,万户
内蒙古,150000000000,2020,互联网主要指标发展情况,移动互联网接入流量 (万GB),326112.35,万GB
内蒙古,150000000000,2019,互联网主要指标发展情况,互联网宽带接入用户 (万户),682.5,万户
内蒙古,150000000000,2019,互联网主要指标发展情况,移动互联网用户 (万户),2606.15,万户
内蒙古,150000000000,2019,互联网主要指标发展情况,移动互联网接入流量 (万GB),244419.26,万GB
内蒙古,150000000000,2018,互联网主要指标发展情况,互联网宽带接入用户 (万户),628.3,万户
内蒙古,150000000000,2018,互联网主要指标发展情况,移动互联网用户 (万户),2508.06,万户
内蒙古,150000000000,2018,互联网主要指标发展情况,移动互联网接入流量 (万GB),142977.45,万GB
内蒙古,150000000000,2017,互联网主要指标发展情况,互联网宽带接入用户 (万户),494.0,万户
内蒙古,150000000000,2017,互联网主要指标发展情况,移动互联网用户 (万户),2360.27,万户
内蒙古,150000000000,2017,互联网主要指标发展情况,移动互联网接入流量 (万GB),44887.32,万GB
内蒙古,150000000000,2016,互联网主要指标发展情况,互联网宽带接入用户 (万户),417.2,万户
内蒙古,150000000000,2016,互联网主要指标发展情况,移动互联网用户 (万户),2045.16,万户
内蒙古,150000000000,2016,互联网主要指标发展情况,移动互联网接入流量 (万GB),12852.62,万GB
内蒙古,150000000000,2015,互联网主要指标发展情况,互联网宽带接入用户 (万户),365.6,万户
内蒙古,150000000000,2015,互联网主要指标发展情况,移动互联网用户 (万户),1865.03,万户
内蒙古,150000000000,2015,互联网主要指标发展情况,移动互联网接入流量 (万GB),5698.13,万GB
辽宁,210000000000,2024,互联网主要指标发展情况,互联网宽带接入用户 (万户),1783.8,万户
辽宁,210000000000,2024,互联网主要指标发展情况,移动互联网用户 (万户),4525.40,万户
辽宁,210000000000,2024,互联网主要指标发展情况,移动互联网接入流量 (万GB),755874.21,万GB
辽宁,210000000000,2023,互联网主要指标发展情况,互联网宽带接入用户 (万户),1689.8,万户
辽宁,210000000000,2023,互联网主要指标发展情况,移动互联网用户 (万户),4475.90,万户
辽宁,210000000000,2023,互联网主要指标发展情况,移动互联网接入流量 (万GB),665842.90,万GB
辽宁,210000000000,2022,互联网主要指标发展情况,互联网宽带接入用户 (万户),1569.8,万户
辽宁,210000000000,2022,互联网主要指标发展情况,移动互联网用户 (万户),4462.64,万户
辽宁,210000000000,2022,互联网主要指标发展情况,移动互联网接入流量 (万GB),580144.67,万GB
辽宁,210000000000,2021,互联网主要指标发展情况,互联网宽带接入用户 (万户),1464.9,万户
辽宁,210000000000,2021,互联网主要指标发展情况,移动互联网用户 (万户),3994.08,万户
辽宁,210000000000,2021,互联网主要指标发展情况,移动互联网接入流量 (万GB),539901.39,万GB
辽宁,210000000000,2020,互联网主要指标发展情况,互联网宽带接入用户 (万户),1331.2,万户
辽宁,210000000000,2020,互联网主要指标发展情况,移动互联网用户 (万户),3921.80,万户
辽宁,210000000000,2020,互联网主要指标发展情况,移动互联网接入流量 (万GB),402866.60,万GB
辽宁,210000000000,2019,互联网主要指标发展情况,互联网宽带接入用户 (万户),1230.4,万户
辽宁,210000000000,2019,互联网主要指标发展情况,移动互联网用户 (万户),4062.30,万户
辽宁,210000000000,2019,互联网主要指标发展情况,移动互联网接入流量 (万GB),308539.76,万GB
辽宁,210000000000,2018,互联网主要指标发展情况,互联网宽带接入用户 (万户),1136.0,万户
辽宁,210000000000,2018,互联网主要指标发展情况,移动互联网用户 (万户),3905.94,万户
辽宁,210000000000,2018,互联网主要指标发展情况,移动互联网接入流量 (万GB),190081.05,万GB
辽宁,210000000000,2017,互联网主要指标发展情况,互联网宽带接入用户 (万户),1058.6,万户
辽宁,210000000000,2017,互联网主要指标发展情况,移动互联网用户 (万户),3936.77,万户
辽宁,210000000000,2017,互联网主要指标发展情况,移动互联网接入流量 (万GB),86655.41,万GB
辽宁,210000000000,2016,互联网主要指标发展情况,互联网宽带接入用户 (万户),971.7,万户
辽宁,210000000000,2016,互联网主要指标发展情况,移动互联网用户 (万户),3529.83,万户
辽宁,210000000000,2016,互联网主要指标发展情况,移动互联网接入流量 (万GB),43747.56,万GB
辽宁,210000000000,2015,互联网主要指标发展情况,互联网宽带接入用户 (万户),860.5,万户
辽宁,210000000000,2015,互联网主要指标发展情况,移动互联网用户 (万户),3160.90,万户
辽宁,210000000000,2015,互联网主要指标发展情况,移动互联网接入流量 (万GB),19434.53,万GB
吉林,220000000000,2024,互联网主要指标发展情况,互联网宽带接入用户 (万户),919.0,万户
吉林,220000000000,2024,互联网主要指标发展情况,移动互联网用户 (万户),2659.70,万户
吉林,220000000000,2024,互联网主要指标发展情况,移动互联网接入流量 (万GB),546367.64,万GB
吉林,220000000000,2023,互联网主要指标发展情况,互联网宽带接入用户 (万户),850.8,万户
吉林,220000000000,2023,互联网主要指标发展情况,移动互联网用户 (万户),2547.10,万户
吉林,220000000000,2023,互联网主要指标发展情况,移动互联网接入流量 (万GB),459703.80,万GB
吉林,220000000000,2022,互联网主要指标发展情况,互联网宽带接入用户 (万户),779.2,万户
吉林,220000000000,2022,互联网主要指标发展情况,移动互联网用户 (万户),2429.80,万户
吉林,220000000000,2022,互联网主要指标发展情况,移动互联网接入流量 (万GB),387109.15,万GB
吉林,220000000000,2021,互联网主要指标发展情况,互联网宽带接入用户 (万户),734.2,万户
吉林,220000000000,2021,互联网主要指标发展情况,移动互联网用户 (万户),2454.55,万户
吉林,220000000000,2021,互联网主要指标发展情况,移动互联网接入流量 (万GB),347825.40,万GB
吉林,220000000000,2020,互联网主要指标发展情况,互联网宽带接入用户 (万户),654.2,万户
吉林,220000000000,2020,互联网主要指标发展情况,移动互联网用户 (万户),2445.03,万户
吉林,220000000000,2020,互联网主要指标发展情况,移动互联网接入流量 (万GB),282103.49,万GB
吉林,220000000000,2019,互联网主要指标发展情况,互联网宽带接入用户 (万户),618.3,万户
吉林,220000000000,2019,互联网主要指标发展情况,移动互联网用户 (万户),2304.81,万户
吉林,220000000000,2019,互联网主要指标发展情况,移动互联网接入流量 (万GB),219168.02,万GB
吉林,220000000000,2018,互联网主要指标发展情况,互联网宽带接入用户 (万户),588.2,万户
吉林,220000000000,2018,互联网主要指标发展情况,移动互联网用户 (万户),2366.22,万户
吉林,220000000000,2018,互联网主要指标发展情况,移动互联网接入流量 (万GB),135590.42,万GB
吉林,220000000000,2017,互联网主要指标发展情况,互联网宽带接入用户 (万户),501.5,万户
吉林,220000000000,2017,互联网主要指标发展情况,移动互联网用户 (万户),2349.58,万户
吉林,220000000000,2017,互联网主要指标发展情况,移动互联网接入流量 (万GB),65368.95,万GB
吉林,220000000000,2016,互联网主要指标发展情况,互联网宽带接入用户 (万户),440.0,万户
吉林,220000000000,2016,互联网主要指标发展情况,移动互联网用户 (万户),2029.74,万户
吉林,220000000000,2016,互联网主要指标发展情况,移动互联网接入流量 (万GB),35625.11,万GB
吉林,220000000000,2015,互联网主要指标发展情况,互联网宽带接入用户 (万户),427.3,万户
吉林,220000000000,2015,互联网主要指标发展情况,移动互联网用户 (万户),1793.33,万户
吉林,220000000000,2015,互联网主要指标发展情况,移动互联网接入流量 (万GB),13385.39,万GB
黑龙江,230000000000,2024,互联网主要指标发展情况,互联网宽带接入用户 (万户),1271.9,万户
黑龙江,230000000000,2024,互联网主要指标发展情况,移动互联网用户 (万户),3287.20,万户
黑龙江,230000000000,2024,互联网主要指标发展情况,移动互联网接入流量 (万GB),601046.62,万GB
黑龙江,230000000000,2023,互联网主要指标发展情况,互联网宽带接入用户 (万户),1211.0,万户
黑龙江,230000000000,2023,互联网主要指标发展情况,移动互联网用户 (万户),3229.40,万户
黑龙江,230000000000,2023,互联网主要指标发展情况,移动互联网接入流量 (万GB),472928.90,万GB
黑龙江,230000000000,2022,互联网主要指标发展情况,互联网宽带接入用户 (万户),1130.4,万户
黑龙江,230000000000,2022,互联网主要指标发展情况,移动互联网用户 (万户),3136.90,万户
黑龙江,230000000000,2022,互联网主要指标发展情况,移动互联网接入流量 (万GB),383908.91,万GB
黑龙江,230000000000,2021,互联网主要指标发展情况,互联网宽带接入用户 (万户),1013.5,万户
黑龙江,230000000000,2021,互联网主要指标发展情况,移动互联网用户 (万户),3093.93,万户
黑龙江,230000000000,2021,互联网主要指标发展情况,移动互联网接入流量 (万GB),316292.94,万GB
黑龙江,230000000000,2020,互联网主要指标发展情况,互联网宽带接入用户 (万户),886.3,万户
黑龙江,230000000000,2020,互联网主要指标发展情况,移动互联网用户 (万户),2980.34,万户
黑龙江,230000000000,2020,互联网主要指标发展情况,移动互联网接入流量 (万GB),249445.27,万GB
黑龙江,230000000000,2019,互联网主要指标发展情况,互联网宽带接入用户 (万户),848.3,万户
黑龙江,230000000000,2019,互联网主要指标发展情况,移动互联网用户 (万户),2901.75,万户
黑龙江,230000000000,2019,互联网主要指标发展情况,移动互联网接入流量 (万GB),196893.92,万GB
黑龙江,230000000000,2018,互联网主要指标发展情况,互联网宽带接入用户 (万户),810.7,万户
黑龙江,230000000000,2018,互联网主要指标发展情况,移动互联网用户 (万户),2894.93,万户
黑龙江,230000000000,2018,互联网主要指标发展情况,移动互联网接入流量 (万GB),120181.46,万GB
黑龙江,230000000000,2017,互联网主要指标发展情况,互联网宽带接入用户 (万户),664.6,万户
黑龙江,230000000000,2017,互联网主要指标发展情况,移动互联网用户 (万户),2858.68,万户
黑龙江,230000000000,2017,互联网主要指标发展情况,移动互联网接入流量 (万GB),56155.48,万GB
黑龙江,230000000000,2016,互联网主要指标发展情况,互联网宽带接入用户 (万户),575.0,万户
黑龙江,230000000000,2016,互联网主要指标发展情况,移动互联网用户 (万户),2510.91,万户
黑龙江,230000000000,2016,互联网主要指标发展情况,移动互联网接入流量 (万GB),20813.27,万GB
黑龙江,230000000000,2015,互联网主要指标发展情况,互联网宽带接入用户 (万户),519.5,万户
黑龙江,230000000000,2015,互联网主要指标发展情况,移动互联网用户 (万户),2009.01,万户
黑龙江,230000000000,2015,互联网主要指标发展情况,移动互联网接入流量 (万GB),6846.63,万GB
上海,310000000000,2024,互联网主要指标发展情况,互联网宽带接入用户 (万户),1300.6,万户
上海,310000000000,2024,互联网主要指标发展情况,移动互联网用户 (万户),4028.20,万户
上海,310000000000,2024,互联网主要指标发展情况,移动互联网接入流量 (万GB),660997.17,万GB
上海,310000000000,2023,互联网主要指标发展情况,互联网宽带接入用户 (万户),1205.5,万户
上海,310000000000,2023,互联网主要指标发展情况,移动互联网用户 (万户),3877.90,万户
上海,310000000000,2023,互联网主要指标发展情况,移动互联网接入流量 (万GB),546309.70,万GB
上海,310000000000,2022,互联网主要指标发展情况,互联网宽带接入用户 (万户),1071.2,万户
上海,310000000000,2022,互联网主要指标发展情况,移动互联网用户 (万户),3680.07,万户
上海,310000000000,2022,互联网主要指标发展情况,移动互联网接入流量 (万GB),463500.04,万GB
上海,310000000000,2021,互联网主要指标发展情况,互联网宽带接入用户 (万户),995.4,万户
上海,310000000000,2021,互联网主要指标发展情况,移动互联网用户 (万户),3616.60,万户
上海,310000000000,2021,互联网主要指标发展情况,移动互联网接入流量 (万GB),421262.08,万GB
上海,310000000000,2020,互联网主要指标发展情况,互联网宽带接入用户 (万户),919.0,万户
上海,310000000000,2020,互联网主要指标发展情况,移动互联网用户 (万户),3365.70,万户
上海,310000000000,2020,互联网主要指标发展情况,移动互联网接入流量 (万GB),309548.05,万GB
上海,310000000000,2019,互联网主要指标发展情况,互联网宽带接入用户 (万户),890.1,万户
上海,310000000000,2019,互联网主要指标发展情况,移动互联网用户 (万户),3197.44,万户
上海,310000000000,2019,互联网主要指标发展情况,移动互联网接入流量 (万GB),231299.80,万GB
上海,310000000000,2018,互联网主要指标发展情况,互联网宽带接入用户 (万户),772.9,万户
上海,310000000000,2018,互联网主要指标发展情况,移动互联网用户 (万户),3032.00,万户
上海,310000000000,2018,互联网主要指标发展情况,移动互联网接入流量 (万GB),134846.76,万GB
上海,310000000000,2017,互联网主要指标发展情况,互联网宽带接入用户 (万户),681.3,万户
上海,310000000000,2017,互联网主要指标发展情况,移动互联网用户 (万户),3393.14,万户
上海,310000000000,2017,互联网主要指标发展情况,移动互联网接入流量 (万GB),48162.73,万GB
上海,310000000000,2016,互联网主要指标发展情况,互联网宽带接入用户 (万户),635.7,万户
上海,310000000000,2016,互联网主要指标发展情况,移动互联网用户 (万户),2662.29,万户
上海,310000000000,2016,互联网主要指标发展情况,移动互联网接入流量 (万GB),21073.45,万GB
上海,310000000000,2015,互联网主要指标发展情况,互联网宽带接入用户 (万户),568.8,万户
上海,310000000000,2015,互联网主要指标发展情况,移动互联网用户 (万户),2569.29,万户
上海,310000000000,2015,互联网主要指标发展情况,移动互联网接入流量 (万GB),10818.82,万GB
江苏,320000000000,2024,互联网主要指标发展情况,互联网宽带接入用户 (万户),4891.3,万户
江苏,320000000000,2024,互联网主要指标发展情况,移动互联网用户 (万户),9520.40,万户
江苏,320000000000,2024,互联网主要指标发展情况,移动互联网接入流量 (万GB),2010124.88,万GB
江苏,320000000000,2023,互联网主要指标发展情况,互联网宽带接入用户 (万户),4754.6,万户
江苏,320000000000,2023,互联网主要指标发展情况,移动互联网用户 (万户),9386.50,万户
江苏,320000000000,2023,互联网主要指标发展情况,移动互联网接入流量 (万GB),2003868.20,万GB
江苏,320000000000,2022,互联网主要指标发展情况,互联网宽带接入用户 (万户),4451.6,万户
江苏,320000000000,2022,互联网主要指标发展情况,移动互联网用户 (万户),9039.37,万户
江苏,320000000000,2022,互联网主要指标发展情况,移动互联网接入流量 (万GB),1700147.19,万GB
江苏,320000000000,2021,互联网主要指标发展情况,互联网宽带接入用户 (万户),4071.6,万户
江苏,320000000000,2021,互联网主要指标发展情况,移动互联网用户 (万户),8753.62,万户
江苏,320000000000,2021,互联网主要指标发展情况,移动互联网接入流量 (万GB),1460513.26,万GB
江苏,320000000000,2020,互联网主要指标发展情况,互联网宽带接入用户 (万户),3756.8,万户
江苏,320000000000,2020,互联网主要指标发展情况,移动互联网用户 (万户),8428.67,万户
江苏,320000000000,2020,互联网主要指标发展情况,移动互联网接入流量 (万GB),1090420.06,万GB
江苏,320000000000,2019,互联网主要指标发展情况,互联网宽带接入用户 (万户),3585.7,万户
江苏,320000000000,2019,互联网主要指标发展情况,移动互联网用户 (万户),8452.60,万户
江苏,320000000000,2019,互联网主要指标发展情况,移动互联网接入流量 (万GB),852332.98,万GB
江苏,320000000000,2018,互联网主要指标发展情况,互联网宽带接入用户 (万户),3351.9,万户
江苏,320000000000,2018,互联网主要指标发展情况,移动互联网用户 (万户),7979.54,万户
江苏,320000000000,2018,互联网主要指标发展情况,移动互联网接入流量 (万GB),514026.66,万GB
江苏,320000000000,2017,互联网主要指标发展情况,互联网宽带接入用户 (万户),3106.1,万户
江苏,320000000000,2017,互联网主要指标发展情况,移动互联网用户 (万户),9257.65,万户
江苏,320000000000,2017,互联网主要指标发展情况,移动互联网接入流量 (万GB),178112.06,万GB
江苏,320000000000,2016,互联网主要指标发展情况,互联网宽带接入用户 (万户),2685.2,万户
江苏,320000000000,2016,互联网主要指标发展情况,移动互联网用户 (万户),7436.86,万户
江苏,320000000000,2016,互联网主要指标发展情况,移动互联网接入流量 (万GB),70635.99,万GB
江苏,320000000000,2015,互联网主要指标发展情况,互联网宽带接入用户 (万户),2346.3,万户
江苏,320000000000,2015,互联网主要指标发展情况,移动互联网用户 (万户),6728.90,万户
江苏,320000000000,2015,互联网主要指标发展情况,移动互联网接入流量 (万GB),34143.00,万GB
浙江,330000000000,2024,互联网主要指标发展情况,互联网宽带接入用户 (万户),3767.4,万户
浙江,330000000000,2024,互联网主要指标发展情况,移动互联网用户 (万户),8224.00,万户
浙江,330000000000,2024,互联网主要指标发展情况,移动互联网接入流量 (万GB),1863729.28,万GB
浙江,330000000000,2023,互联网主要指标发展情况,互联网宽带接入用户 (万户),3608.5,万户
浙江,330000000000,2023,互联网主要指标发展情况,移动互联网用户 (万户),8016.00,万户
浙江,330000000000,2023,互联网主要指标发展情况,移动互联网接入流量 (万GB),1868939.90,万GB
浙江,330000000000,2022,互联网主要指标发展情况,互联网宽带接入用户 (万户),3400.1,万户
浙江,330000000000,2022,互联网主要指标发展情况,移动互联网用户 (万户),7694.25,万户
浙江,330000000000,2022,互联网主要指标发展情况,移动互联网接入流量 (万GB),1607255.03,万GB
浙江,330000000000,2021,互联网主要指标发展情况,互联网宽带接入用户 (万户),3117.0,万户
浙江,330000000000,2021,互联网主要指标发展情况,移动互联网用户 (万户),7483.37,万户
浙江,330000000000,2021,互联网主要指标发展情况,移动互联网接入流量 (万GB),1360931.74,万GB
浙江,330000000000,2020,互联网主要指标发展情况,互联网宽带接入用户 (万户),2938.8,万户
浙江,330000000000,2020,互联网主要指标发展情况,移动互联网用户 (万户),7041.06,万户
浙江,330000000000,2020,互联网主要指标发展情况,移动互联网接入流量 (万GB),1011058.10,万GB
浙江,330000000000,2019,互联网主要指标发展情况,互联网宽带接入用户 (万户),2778.9,万户
浙江,330000000000,2019,互联网主要指标发展情况,移动互联网用户 (万户),7047.00,万户
浙江,330000000000,2019,互联网主要指标发展情况,移动互联网接入流量 (万GB),762041.20,万GB
浙江,330000000000,2018,互联网主要指标发展情况,互联网宽带接入用户 (万户),2653.8,万户
浙江,330000000000,2018,互联网主要指标发展情况,移动互联网用户 (万户),6833.64,万户
浙江,330000000000,2018,互联网主要指标发展情况,移动互联网接入流量 (万GB),429803.00,万GB
浙江,330000000000,2017,互联网主要指标发展情况,互联网宽带接入用户 (万户),2464.6,万户
浙江,330000000000,2017,互联网主要指标发展情况,移动互联网用户 (万户),7456.25,万户
浙江,330000000000,2017,互联网主要指标发展情况,移动互联网接入流量 (万GB),150822.80,万GB
浙江,330000000000,2016,互联网主要指标发展情况,互联网宽带接入用户 (万户),2159.7,万户
浙江,330000000000,2016,互联网主要指标发展情况,移动互联网用户 (万户),6366.29,万户
浙江,330000000000,2016,互联网主要指标发展情况,移动互联网接入流量 (万GB),63212.58,万GB
浙江,330000000000,2015,互联网主要指标发展情况,互联网宽带接入用户 (万户),1906.8,万户
浙江,330000000000,2015,互联网主要指标发展情况,移动互联网用户 (万户),5813.63,万户
浙江,330000000000,2015,互联网主要指标发展情况,移动互联网接入流量 (万GB),33327.18,万GB
安徽,340000000000,2024,互联网主要指标发展情况,互联网宽带接入用户 (万户),3181.6,万户
安徽,340000000000,2024,互联网主要指标发展情况,移动互联网用户 (万户),5969.90,万户
安徽,340000000000,2024,互联网主要指标发展情况,移动互联网接入流量 (万GB),1215269.67,万GB
安徽,340000000000,2023,互联网主要指标发展情况,互联网宽带接入用户 (万户),2947.1,万户
安徽,340000000000,2023,互联网主要指标发展情况,移动互联网用户 (万户),5763.10,万户
安徽,340000000000,2023,互联网主要指标发展情况,移动互联网接入流量 (万GB),1122600.70,万GB
安徽,340000000000,2022,互联网主要指标发展情况,互联网宽带接入用户 (万户),2666.6,万户
安徽,340000000000,2022,互联网主要指标发展情况,移动互联网用户 (万户),5444.24,万户
安徽,340000000000,2022,互联网主要指标发展情况,移动互联网接入流量 (万GB),963562.03,万GB
安徽,340000000000,2021,互联网主要指标发展情况,互联网宽带接入用户 (万户),2335.8,万户
安徽,340000000000,2021,互联网主要指标发展情况,移动互联网用户 (万户),5276.70,万户
安徽,340000000000,2021,互联网主要指标发展情况,移动互联网接入流量 (万GB),822893.39,万GB
安徽,340000000000,2020,互联网主要指标发展情况,互联网宽带接入用户 (万户),2093.0,万户
安徽,340000000000,2020,互联网主要指标发展情况,移动互联网用户 (万户),5010.47,万户
安徽,340000000000,2020,互联网主要指标发展情况,移动互联网接入流量 (万GB),614702.34,万GB
安徽,340000000000,2019,互联网主要指标发展情况,互联网宽带接入用户 (万户),1864.7,万户
安徽,340000000000,2019,互联网主要指标发展情况,移动互联网用户 (万户),4790.84,万户
安徽,340000000000,2019,互联网主要指标发展情况,移动互联网接入流量 (万GB),462271.88,万GB
安徽,340000000000,2018,互联网主要指标发展情况,互联网宽带接入用户 (万户),1662.4,万户
安徽,340000000000,2018,互联网主要指标发展情况,移动互联网用户 (万户),4596.33,万户
安徽,340000000000,2018,互联网主要指标发展情况,移动互联网接入流量 (万GB),251826.20,万GB
安徽,340000000000,2017,互联网主要指标发展情况,互联网宽带接入用户 (万户),1323.7,万户
安徽,340000000000,2017,互联网主要指标发展情况,移动互联网用户 (万户),4639.68,万户
安徽,340000000000,2017,互联网主要指标发展情况,移动互联网接入流量 (万GB),85024.93,万GB
安徽,340000000000,2016,互联网主要指标发展情况,互联网宽带接入用户 (万户),1075.0,万户
安徽,340000000000,2016,互联网主要指标发展情况,移动互联网用户 (万户),4179.90,万户
安徽,340000000000,2016,互联网主要指标发展情况,移动互联网接入流量 (万GB),36624.11,万GB
安徽,340000000000,2015,互联网主要指标发展情况,互联网宽带接入用户 (万户),913.3,万户
安徽,340000000000,2015,互联网主要指标发展情况,移动互联网用户 (万户),3671.75,万户
安徽,340000000000,2015,互联网主要指标发展情况,移动互联网接入流量 (万GB),11536.04,万GB
福建,350000000000,2024,互联网主要指标发展情况,互联网宽带接入用户 (万户),2266.5,万户
福建,350000000000,2024,互联网主要指标发展情况,移动互联网用户 (万户),4540.40,万户
福建,350000000000,2024,互联网主要指标发展情况,移动互联网接入流量 (万GB),829527.27,万GB
福建,350000000000,2023,互联网主要指标发展情况,互联网宽带接入用户 (万户),2261.2,万户
福建,350000000000,2023,互联网主要指标发展情况,移动互联网用户 (万户),4433.90,万户
福建,350000000000,2023,互联网主要指标发展情况,移动互联网接入流量 (万GB),791942.40,万GB
福建,350000000000,2022,互联网主要指标发展情况,互联网宽带接入用户 (万户),2145.3,万户
福建,350000000000,2022,互联网主要指标发展情况,移动互联网用户 (万户),4281.84,万户
福建,350000000000,2022,互联网主要指标发展情况,移动互联网接入流量 (万GB),717300.23,万GB
福建,350000000000,2021,互联网主要指标发展情况,互联网宽带接入用户 (万户),1985.1,万户
福建,350000000000,2021,互联网主要指标发展情况,移动互联网用户 (万户),4146.55,万户
福建,350000000000,2021,互联网主要指标发展情况,移动互联网接入流量 (万GB),606821.92,万GB
福建,350000000000,2020,互联网主要指标发展情况,互联网宽带接入用户 (万户),1831.0,万户
福建,350000000000,2020,互联网主要指标发展情况,移动互联网用户 (万户),3979.60,万户
福建,350000000000,2020,互联网主要指标发展情况,移动互联网接入流量 (万GB),459695.00,万GB
福建,350000000000,2019,互联网主要指标发展情况,互联网宽带接入用户 (万户),1779.0,万户
福建,350000000000,2019,互联网主要指标发展情况,移动互联网用户 (万户),3915.76,万户
福建,350000000000,2019,互联网主要指标发展情况,移动互联网接入流量 (万GB),356052.37,万GB
福建,350000000000,2018,互联网主要指标发展情况,互联网宽带接入用户 (万户),1629.1,万户
福建,350000000000,2018,互联网主要指标发展情况,移动互联网用户 (万户),3793.55,万户
福建,350000000000,2018,互联网主要指标发展情况,移动互联网接入流量 (万GB),209900.32,万GB
福建,350000000000,2017,互联网主要指标发展情况,互联网宽带接入用户 (万户),1373.6,万户
福建,350000000000,2017,互联网主要指标发展情况,移动互联网用户 (万户),3508.76,万户
福建,350000000000,2017,互联网主要指标发展情况,移动互联网接入流量 (万GB),71383.34,万GB
福建,350000000000,2016,互联网主要指标发展情况,互联网宽带接入用户 (万户),1144.6,万户
福建,350000000000,2016,互联网主要指标发展情况,移动互联网用户 (万户),3267.49,万户
福建,350000000000,2016,互联网主要指标发展情况,移动互联网接入流量 (万GB),30358.89,万GB
福建,350000000000,2015,互联网主要指标发展情况,互联网宽带接入用户 (万户),1044.8,万户
福建,350000000000,2015,互联网主要指标发展情况,移动互联网用户 (万户),3048.19,万户
福建,350000000000,2015,互联网主要指标发展情况,移动互联网接入流量 (万GB),14350.97,万GB
江西,360000000000,2024,互联网主要指标发展情况,互联网宽带接入用户 (万户),2194.4,万户
江西,360000000000,2024,互联网主要指标发展情况,移动互联网用户 (万户),4271.40,万户
江西,360000000000,2024,互联网主要指标发展情况,移动互联网接入流量 (万GB),897496.50,万GB
江西,360000000000,2023,互联网主要指标发展情况,互联网宽带接入用户 (万户),2091.3,万户
江西,360000000000,2023,互联网主要指标发展情况,移动互联网用户 (万户),4173.60,万户
江西,360000000000,2023,互联网主要指标发展情况,移动互联网接入流量 (万GB),809621.30,万GB
江西,360000000000,2022,互联网主要指标发展情况,互联网宽带接入用户 (万户),1958.3,万户
江西,360000000000,2022,互联网主要指标发展情况,移动互联网用户 (万户),3974.73,万户
江西,360000000000,2022,互联网主要指标发展情况,移动互联网接入流量 (万GB),699654.35,万GB
江西,360000000000,2021,互联网主要指标发展情况,互联网宽带接入用户 (万户),1700.2,万户
江西,360000000000,2021,互联网主要指标发展情况,移动互联网用户 (万户),3855.94,万户
江西,360000000000,2021,互联网主要指标发展情况,移动互联网接入流量 (万GB),581623.67,万GB
江西,360000000000,2020,互联网主要指标发展情况,互联网宽带接入用户 (万户),1510.5,万户
江西,360000000000,2020,互联网主要指标发展情况,移动互联网用户 (万户),3599.26,万户
江西,360000000000,2020,互联网主要指标发展情况,移动互联网接入流量 (万GB),429567.38,万GB
江西,360000000000,2019,互联网主要指标发展情况,互联网宽带接入用户 (万户),1448.8,万户
江西,360000000000,2019,互联网主要指标发展情况,移动互联网用户 (万户),3506.44,万户
江西,360000000000,2019,互联网主要指标发展情况,移动互联网接入流量 (万GB),326224.79,万GB
江西,360000000000,2018,互联网主要指标发展情况,互联网宽带接入用户 (万户),1323.4,万户
江西,360000000000,2018,互联网主要指标发展情况,移动互联网用户 (万户),3340.80,万户
江西,360000000000,2018,互联网主要指标发展情况,移动互联网接入流量 (万GB),173557.28,万GB
江西,360000000000,2017,互联网主要指标发展情况,互联网宽带接入用户 (万户),997.1,万户
江西,360000000000,2017,互联网主要指标发展情况,移动互联网用户 (万户),3079.28,万户
江西,360000000000,2017,互联网主要指标发展情况,移动互联网接入流量 (万GB),57687.94,万GB
江西,360000000000,2016,互联网主要指标发展情况,互联网宽带接入用户 (万户),822.5,万户
江西,360000000000,2016,互联网主要指标发展情况,移动互联网用户 (万户),2602.79,万户
江西,360000000000,2016,互联网主要指标发展情况,移动互联网接入流量 (万GB),22665.96,万GB
江西,360000000000,2015,互联网主要指标发展情况,互联网宽带接入用户 (万户),710.9,万户
江西,360000000000,2015,互联网主要指标发展情况,移动互联网用户 (万户),2167.13,万户
江西,360000000000,2015,互联网主要指标发展情况,移动互联网接入流量 (万GB),10176.89,万GB
山东,370000000000,2024,互联网主要指标发展情况,互联网宽带接入用户 (万户),4844.2,万户
山东,370000000000,2024,互联网主要指标发展情况,移动互联网用户 (万户),10579.00,万户
山东,370000000000,2024,互联网主要指标发展情况,移动互联网接入流量 (万GB),2085958.72,万GB
山东,370000000000,2023,互联网主要指标发展情况,互联网宽带接入用户 (万户),4581.9,万户
山东,370000000000,2023,互联网主要指标发展情况,移动互联网用户 (万户),10421.40,万户
山东,370000000000,2023,互联网主要指标发展情况,移动互联网接入流量 (万GB),1875046.50,万GB
山东,370000000000,2022,互联网主要指标发展情况,互联网宽带接入用户 (万户),4264.7,万户
山东,370000000000,2022,互联网主要指标发展情况,移动互联网用户 (万户),9770.61,万户
山东,370000000000,2022,互联网主要指标发展情况,移动互联网接入流量 (万GB),1554418.53,万GB
山东,370000000000,2021,互联网主要指标发展情况,互联网宽带接入用户 (万户),3863.7,万户
山东,370000000000,2021,互联网主要指标发展情况,移动互联网用户 (万户),9367.97,万户
山东,370000000000,2021,互联网主要指标发展情况,移动互联网接入流量 (万GB),1256955.86,万GB
山东,370000000000,2020,互联网主要指标发展情况,互联网宽带接入用户 (万户),3445.6,万户
山东,370000000000,2020,互联网主要指标发展情况,移动互联网用户 (万户),8761.31,万户
山东,370000000000,2020,互联网主要指标发展情况,移动互联网接入流量 (万GB),857508.76,万GB
山东,370000000000,2019,互联网主要指标发展情况,互联网宽带接入用户 (万户),3186.1,万户
山东,370000000000,2019,互联网主要指标发展情况,移动互联网用户 (万户),8855.06,万户
山东,370000000000,2019,互联网主要指标发展情况,移动互联网接入流量 (万GB),647314.58,万GB
山东,370000000000,2018,互联网主要指标发展情况,互联网宽带接入用户 (万户),2884.8,万户
山东,370000000000,2018,互联网主要指标发展情况,移动互联网用户 (万户),8418.57,万户
山东,370000000000,2018,互联网主要指标发展情况,移动互联网接入流量 (万GB),383441.08,万GB
山东,370000000000,2017,互联网主要指标发展情况,互联网宽带接入用户 (万户),2588.7,万户
山东,370000000000,2017,互联网主要指标发展情况,移动互联网用户 (万户),8507.99,万户
山东,370000000000,2017,互联网主要指标发展情况,移动互联网接入流量 (万GB),118818.08,万GB
山东,370000000000,2016,互联网主要指标发展情况,互联网宽带接入用户 (万户),2366.5,万户
山东,370000000000,2016,互联网主要指标发展情况,移动互联网用户 (万户),7391.24,万户
山东,370000000000,2016,互联网主要指标发展情况,移动互联网接入流量 (万GB),39890.00,万GB
山东,370000000000,2015,互联网主要指标发展情况,互联网宽带接入用户 (万户),1980.8,万户
山东,370000000000,2015,互联网主要指标发展情况,移动互联网用户 (万户),6109.58,万户
山东,370000000000,2015,互联网主要指标发展情况,移动互联网接入流量 (万GB),17936.58,万GB
河南,410000000000,2024,互联网主要指标发展情况,互联网宽带接入用户 (万户),4404.0,万户
河南,410000000000,2024,互联网主要指标发展情况,移动互联网用户 (万户),9945.70,万户
河南,410000000000,2024,互联网主要指标发展情况,移动互联网接入流量 (万GB),2346573.51,万GB
河南,410000000000,2023,互联网主要指标发展情况,互联网宽带接入用户 (万户),4260.6,万户
河南,410000000000,2023,互联网主要指标发展情况,移动互联网用户 (万户),9729.60,万户
河南,410000000000,2023,互联网主要指标发展情况,移动互联网接入流量 (万GB),1979683.00,万GB
河南,410000000000,2022,互联网主要指标发展情况,互联网宽带接入用户 (万户),3934.8,万户
河南,410000000000,2022,互联网主要指标发展情况,移动互联网用户 (万户),9400.90,万户
河南,410000000000,2022,互联网主要指标发展情况,移动互联网接入流量 (万GB),1672922.14,万GB
河南,410000000000,2021,互联网主要指标发展情况,互联网宽带接入用户 (万户),3505.8,万户
河南,410000000000,2021,互联网主要指标发展情况,移动互联网用户 (万户),9136.57,万户
河南,410000000000,2021,互联网主要指标发展情况,移动互联网接入流量 (万GB),1378721.97,万GB
河南,410000000000,2020,互联网主要指标发展情况,互联网宽带接入用户 (万户),3090.9,万户
河南,410000000000,2020,互联网主要指标发展情况,移动互联网用户 (万户),8748.71,万户
河南,410000000000,2020,互联网主要指标发展情况,移动互联网接入流量 (万GB),946343.42,万GB
河南,410000000000,2019,互联网主要指标发展情况,互联网宽带接入用户 (万户),2769.2,万户
河南,410000000000,2019,互联网主要指标发展情况,移动互联网用户 (万户),8245.69,万户
河南,410000000000,2019,互联网主要指标发展情况,移动互联网接入流量 (万GB),685946.38,万GB
河南,410000000000,2018,互联网主要指标发展情况,互联网宽带接入用户 (万户),2503.9,万户
河南,410000000000,2018,互联网主要指标发展情况,移动互联网用户 (万户),7766.49,万户
河南,410000000000,2018,互联网主要指标发展情况,移动互联网接入流量 (万GB),434883.94,万GB
河南,410000000000,2017,互联网主要指标发展情况,互联网宽带接入用户 (万户),2128.4,万户
河南,410000000000,2017,互联网主要指标发展情况,移动互联网用户 (万户),7542.45,万户
河南,410000000000,2017,互联网主要指标发展情况,移动互联网接入流量 (万GB),134407.23,万GB
河南,410000000000,2016,互联网主要指标发展情况,互联网宽带接入用户 (万户),1767.2,万户
河南,410000000000,2016,互联网主要指标发展情况,移动互联网用户 (万户),6378.26,万户
河南,410000000000,2016,互联网主要指标发展情况,移动互联网接入流量 (万GB),43678.61,万GB
河南,410000000000,2015,互联网主要指标发展情况,互联网宽带接入用户 (万户),1489.0,万户
河南,410000000000,2015,互联网主要指标发展情况,移动互联网用户 (万户),5398.41,万户
河南,410000000000,2015,互联网主要指标发展情况,移动互联网接入流量 (万GB),19685.13,万GB
湖北,420000000000,2024,互联网主要指标发展情况,互联网宽带接入用户 (万户),2665.5,万户
湖北,420000000000,2024,互联网主要指标发展情况,移动互联网用户 (万户),5784.50,万户
湖北,420000000000,2024,互联网主要指标发展情况,移动互联网接入流量 (万GB),1168011.43,万GB
湖北,420000000000,2023,互联网主要指标发展情况,互联网宽带接入用户 (万户),2494.2,万户
湖北,420000000000,2023,互联网主要指标发展情况,移动互联网用户 (万户),5465.50,万户
湖北,420000000000,2023,互联网主要指标发展情况,移动互联网接入流量 (万GB),999160.10,万GB
湖北,420000000000,2022,互联网主要指标发展情况,互联网宽带接入用户 (万户),2290.8,万户
湖北,420000000000,2022,互联网主要指标发展情况,移动互联网用户 (万户),5195.23,万户
湖北,420000000000,2022,互联网主要指标发展情况,移动互联网接入流量 (万GB),864835.45,万GB
湖北,420000000000,2021,互联网主要指标发展情况,互联网宽带接入用户 (万户),2081.3,万户
湖北,420000000000,2021,互联网主要指标发展情况,移动互联网用户 (万户),5041.08,万户
湖北,420000000000,2021,互联网主要指标发展情况,移动互联网接入流量 (万GB),712007.78,万GB
湖北,420000000000,2020,互联网主要指标发展情况,互联网宽带接入用户 (万户),1870.2,万户
湖北,420000000000,2020,互联网主要指标发展情况,移动互联网用户 (万户),4789.67,万户
湖北,420000000000,2020,互联网主要指标发展情况,移动互联网接入流量 (万GB),506671.90,万GB
湖北,420000000000,2019,互联网主要指标发展情况,互联网宽带接入用户 (万户),1708.3,万户
湖北,420000000000,2019,互联网主要指标发展情况,移动互联网用户 (万户),4635.62,万户
湖北,420000000000,2019,互联网主要指标发展情况,移动互联网接入流量 (万GB),382653.42,万GB
湖北,420000000000,2018,互联网主要指标发展情况,互联网宽带接入用户 (万户),1480.7,万户
湖北,420000000000,2018,互联网主要指标发展情况,移动互联网用户 (万户),4551.95,万户
湖北,420000000000,2018,互联网主要指标发展情况,移动互联网接入流量 (万GB),217677.65,万GB
湖北,420000000000,2017,互联网主要指标发展情况,互联网宽带接入用户 (万户),1242.9,万户
湖北,420000000000,2017,互联网主要指标发展情况,移动互联网用户 (万户),4116.39,万户
湖北,420000000000,2017,互联网主要指标发展情况,移动互联网接入流量 (万GB),74503.95,万GB
湖北,420000000000,2016,互联网主要指标发展情况,互联网宽带接入用户 (万户),1131.9,万户
湖北,420000000000,2016,互联网主要指标发展情况,移动互联网用户 (万户),3639.94,万户
湖北,420000000000,2016,互联网主要指标发展情况,移动互联网接入流量 (万GB),30269.66,万GB
湖北,420000000000,2015,互联网主要指标发展情况,互联网宽带接入用户 (万户),1014.4,万户
湖北,420000000000,2015,互联网主要指标发展情况,移动互联网用户 (万户),3255.41,万户
湖北,420000000000,2015,互联网主要指标发展情况,移动互联网接入流量 (万GB),15462.60,万GB
湖南,430000000000,2024,互联网主要指标发展情况,互联网宽带接入用户 (万户),2927.2,万户
湖南,430000000000,2024,互联网主要指标发展情况,移动互联网用户 (万户),7009.10,万户
湖南,430000000000,2024,互联网主要指标发展情况,移动互联网接入流量 (万GB),1757359.90,万GB
湖南,430000000000,2023,互联网主要指标发展情况,互联网宽带接入用户 (万户),2744.1,万户
湖南,430000000000,2023,互联网主要指标发展情况,移动互联网用户 (万户),6692.60,万户
湖南,430000000000,2023,互联网主要指标发展情况,移动互联网接入流量 (万GB),1430400.00,万GB
湖南,430000000000,2022,互联网主要指标发展情况,互联网宽带接入用户 (万户),2475.1,万户
湖南,430000000000,2022,互联网主要指标发展情况,移动互联网用户 (万户),6155.69,万户
湖南,430000000000,2022,互联网主要指标发展情况,移动互联网接入流量 (万GB),1180829.82,万GB
湖南,430000000000,2021,互联网主要指标发展情况,互联网宽带接入用户 (万户),2323.0,万户
湖南,430000000000,2021,互联网主要指标发展情况,移动互联网用户 (万户),6026.18,万户
湖南,430000000000,2021,互联网主要指标发展情况,移动互联网接入流量 (万GB),953748.19,万GB
湖南,430000000000,2020,互联网主要指标发展情况,互联网宽带接入用户 (万户),2113.2,万户
湖南,430000000000,2020,互联网主要指标发展情况,移动互联网用户 (万户),5771.21,万户
湖南,430000000000,2020,互联网主要指标发展情况,移动互联网接入流量 (万GB),708985.78,万GB
湖南,430000000000,2019,互联网主要指标发展情况,互联网宽带接入用户 (万户),1873.8,万户
湖南,430000000000,2019,互联网主要指标发展情况,移动互联网用户 (万户),5489.68,万户
湖南,430000000000,2019,互联网主要指标发展情况,移动互联网接入流量 (万GB),491368.22,万GB
湖南,430000000000,2018,互联网主要指标发展情况,互联网宽带接入用户 (万户),1635.3,万户
湖南,430000000000,2018,互联网主要指标发展情况,移动互联网用户 (万户),5226.59,万户
湖南,430000000000,2018,互联网主要指标发展情况,移动互联网接入流量 (万GB),266950.44,万GB
湖南,430000000000,2017,互联网主要指标发展情况,互联网宽带接入用户 (万户),1315.5,万户
湖南,430000000000,2017,互联网主要指标发展情况,移动互联网用户 (万户),4922.45,万户
湖南,430000000000,2017,互联网主要指标发展情况,移动互联网接入流量 (万GB),76087.16,万GB
湖南,430000000000,2016,互联网主要指标发展情况,互联网宽带接入用户 (万户),1066.9,万户
湖南,430000000000,2016,互联网主要指标发展情况,移动互联网用户 (万户),4350.73,万户
湖南,430000000000,2016,互联网主要指标发展情况,移动互联网接入流量 (万GB),30151.06,万GB
湖南,430000000000,2015,互联网主要指标发展情况,互联网宽带接入用户 (万户),910.5,万户
湖南,430000000000,2015,互联网主要指标发展情况,移动互联网用户 (万户),3639.06,万户
湖南,430000000000,2015,互联网主要指标发展情况,移动互联网接入流量 (万GB),14612.00,万GB
广东,440000000000,2024,互联网主要指标发展情况,互联网宽带接入用户 (万户),5049.5,万户
广东,440000000000,2024,互联网主要指标发展情况,移动互联网用户 (万户),16572.90,万户
广东,440000000000,2024,互联网主要指标发展情况,移动互联网接入流量 (万GB),3710384.36,万GB
广东,440000000000,2023,互联网主要指标发展情况,互联网宽带接入用户 (万户),4824.0,万户
广东,440000000000,2023,互联网主要指标发展情况,移动互联网用户 (万户),15814.70,万户
广东,440000000000,2023,互联网主要指标发展情况,移动互联网接入流量 (万GB),3431672.70,万GB
广东,440000000000,2022,互联网主要指标发展情况,互联网宽带接入用户 (万户),4628.7,万户
广东,440000000000,2022,互联网主要指标发展情况,移动互联网用户 (万户),15097.28,万户
广东,440000000000,2022,互联网主要指标发展情况,移动互联网接入流量 (万GB),2956007.26,万GB
广东,440000000000,2021,互联网主要指标发展情况,互联网宽带接入用户 (万户),4277.7,万户
广东,440000000000,2021,互联网主要指标发展情况,移动互联网用户 (万户),15070.27,万户
广东,440000000000,2021,互联网主要指标发展情况,移动互联网接入流量 (万GB),2466758.80,万GB
广东,440000000000,2020,互联网主要指标发展情况,互联网宽带接入用户 (万户),3890.0,万户
广东,440000000000,2020,互联网主要指标发展情况,移动互联网用户 (万户),14251.39,万户
广东,440000000000,2020,互联网主要指标发展情况,移动互联网接入流量 (万GB),1840549.20,万GB
广东,440000000000,2019,互联网主要指标发展情况,互联网宽带接入用户 (万户),3801.6,万户
广东,440000000000,2019,互联网主要指标发展情况,移动互联网用户 (万户),14200.29,万户
广东,440000000000,2019,互联网主要指标发展情况,移动互联网接入流量 (万GB),1379370.96,万GB
广东,440000000000,2018,互联网主要指标发展情况,互联网宽带接入用户 (万户),3597.8,万户
广东,440000000000,2018,互联网主要指标发展情况,移动互联网用户 (万户),14106.94,万户
广东,440000000000,2018,互联网主要指标发展情况,移动互联网接入流量 (万GB),845841.16,万GB
广东,440000000000,2017,互联网主要指标发展情况,互联网宽带接入用户 (万户),3246.8,万户
广东,440000000000,2017,互联网主要指标发展情况,移动互联网用户 (万户),14160.35,万户
广东,440000000000,2017,互联网主要指标发展情况,移动互联网接入流量 (万GB),328666.06,万GB
广东,440000000000,2016,互联网主要指标发展情况,互联网宽带接入用户 (万户),2779.4,万户
广东,440000000000,2016,互联网主要指标发展情况,移动互联网用户 (万户),11518.43,万户
广东,440000000000,2016,互联网主要指标发展情况,移动互联网接入流量 (万GB),126199.37,万GB
广东,440000000000,2015,互联网主要指标发展情况,互联网宽带接入用户 (万户),2682.7,万户
广东,440000000000,2015,互联网主要指标发展情况,移动互联网用户 (万户),10950.24,万户
广东,440000000000,2015,互联网主要指标发展情况,移动互联网接入流量 (万GB),55458.73,万GB
广西,450000000000,2024,互联网主要指标发展情况,互联网宽带接入用户 (万户),2507.2,万户
广西,450000000000,2024,互联网主要指标发展情况,移动互联网用户 (万户),5493.60,万户
广西,450000000000,2024,互联网主要指标发展情况,移动互联网接入流量 (万GB),1135764.52,万GB
广西,450000000000,2023,互联网主要指标发展情况,互联网宽带接入用户 (万户),2315.4,万户
广西,450000000000,2023,互联网主要指标发展情况,移动互联网用户 (万户),5450.60,万户
广西,450000000000,2023,互联网主要指标发展情况,移动互联网接入流量 (万GB),1070320.80,万GB
广西,450000000000,2022,互联网主要指标发展情况,互联网宽带接入用户 (万户),2054.2,万户
广西,450000000000,2022,互联网主要指标发展情况,移动互联网用户 (万户),5177.85,万户
广西,450000000000,2022,互联网主要指标发展情况,移动互联网接入流量 (万GB),961177.09,万GB
广西,450000000000,2021,互联网主要指标发展情况,互联网宽带接入用户 (万户),1827.4,万户
广西,450000000000,2021,互联网主要指标发展情况,移动互联网用户 (万户),5011.41,万户
广西,450000000000,2021,互联网主要指标发展情况,移动互联网接入流量 (万GB),793747.98,万GB
广西,450000000000,2020,互联网主要指标发展情况,互联网宽带接入用户 (万户),1650.8,万户
广西,450000000000,2020,互联网主要指标发展情况,移动互联网用户 (万户),4799.26,万户
广西,450000000000,2020,互联网主要指标发展情况,移动互联网接入流量 (万GB),602045.70,万GB
广西,450000000000,2019,互联网主要指标发展情况,互联网宽带接入用户 (万户),1447.4,万户
广西,450000000000,2019,互联网主要指标发展情况,移动互联网用户 (万户),4450.21,万户
广西,450000000000,2019,互联网主要指标发展情况,移动互联网接入流量 (万GB),422040.45,万GB
广西,450000000000,2018,互联网主要指标发展情况,互联网宽带接入用户 (万户),1230.6,万户
广西,450000000000,2018,互联网主要指标发展情况,移动互联网用户 (万户),4130.82,万户
广西,450000000000,2018,互联网主要指标发展情况,移动互联网接入流量 (万GB),228728.84,万GB
广西,450000000000,2017,互联网主要指标发展情况,互联网宽带接入用户 (万户),968.0,万户
广西,450000000000,2017,互联网主要指标发展情况,移动互联网用户 (万户),3713.35,万户
广西,450000000000,2017,互联网主要指标发展情况,移动互联网接入流量 (万GB),63282.72,万GB
广西,450000000000,2016,互联网主要指标发展情况,互联网宽带接入用户 (万户),790.0,万户
广西,450000000000,2016,互联网主要指标发展情况,移动互联网用户 (万户),3163.90,万户
广西,450000000000,2016,互联网主要指标发展情况,移动互联网接入流量 (万GB),21703.00,万GB
广西,450000000000,2015,互联网主要指标发展情况,互联网宽带接入用户 (万户),715.8,万户
广西,450000000000,2015,互联网主要指标发展情况,移动互联网用户 (万户),2798.30,万户
广西,450000000000,2015,互联网主要指标发展情况,移动互联网接入流量 (万GB),10156.87,万GB
海南,460000000000,2024,互联网主要指标发展情况,互联网宽带接入用户 (万户),609.3,万户
海南,460000000000,2024,互联网主要指标发展情况,移动互联网用户 (万户),1139.40,万户
海南,460000000000,2024,互联网主要指标发展情况,移动互联网接入流量 (万GB),334558.28,万GB
海南,460000000000,2023,互联网主要指标发展情况,互联网宽带接入用户 (万户),578.1,万户
海南,460000000000,2023,互联网主要指标发展情况,移动互联网用户 (万户),1094.00,万户
海南,460000000000,2023,互联网主要指标发展情况,移动互联网接入流量 (万GB),282405.30,万GB
海南,460000000000,2022,互联网主要指标发展情况,互联网宽带接入用户 (万户),508.2,万户
海南,460000000000,2022,互联网主要指标发展情况,移动互联网用户 (万户),1044.41,万户
海南,460000000000,2022,互联网主要指标发展情况,移动互联网接入流量 (万GB),224719.83,万GB
海南,460000000000,2021,互联网主要指标发展情况,互联网宽带接入用户 (万户),450.2,万户
海南,460000000000,2021,互联网主要指标发展情况,移动互联网用户 (万户),989.43,万户
海南,460000000000,2021,互联网主要指标发展情况,移动互联网接入流量 (万GB),183155.80,万GB
海南,460000000000,2020,互联网主要指标发展情况,互联网宽带接入用户 (万户),351.5,万户
海南,460000000000,2020,互联网主要指标发展情况,移动互联网用户 (万户),963.97,万户
海南,460000000000,2020,互联网主要指标发展情况,移动互联网接入流量 (万GB),137800.80,万GB
海南,460000000000,2019,互联网主要指标发展情况,互联网宽带接入用户 (万户),323.2,万户
海南,460000000000,2019,互联网主要指标发展情况,移动互联网用户 (万户),931.51,万户
海南,460000000000,2019,互联网主要指标发展情况,移动互联网接入流量 (万GB),100444.17,万GB
海南,460000000000,2018,互联网主要指标发展情况,互联网宽带接入用户 (万户),279.1,万户
海南,460000000000,2018,互联网主要指标发展情况,移动互联网用户 (万户),913.96,万户
海南,460000000000,2018,互联网主要指标发展情况,移动互联网接入流量 (万GB),61944.18,万GB
海南,460000000000,2017,互联网主要指标发展情况,互联网宽带接入用户 (万户),228.7,万户
海南,460000000000,2017,互联网主要指标发展情况,移动互联网用户 (万户),911.70,万户
海南,460000000000,2017,互联网主要指标发展情况,移动互联网接入流量 (万GB),22937.82,万GB
海南,460000000000,2016,互联网主要指标发展情况,互联网宽带接入用户 (万户),186.5,万户
海南,460000000000,2016,互联网主要指标发展情况,移动互联网用户 (万户),816.60,万户
海南,460000000000,2016,互联网主要指标发展情况,移动互联网接入流量 (万GB),7543.87,万GB
海南,460000000000,2015,互联网主要指标发展情况,互联网宽带接入用户 (万户),149.4,万户
海南,460000000000,2015,互联网主要指标发展情况,移动互联网用户 (万户),783.01,万户
海南,460000000000,2015,互联网主要指标发展情况,移动互联网接入流量 (万GB),3256.16,万GB
重庆,500000000000,2024,互联网主要指标发展情况,互联网宽带接入用户 (万户),1609.4,万户
重庆,500000000000,2024,互联网主要指标发展情况,移动互联网用户 (万户),3771.80,万户
重庆,500000000000,2024,互联网主要指标发展情况,移动互联网接入流量 (万GB),828157.38,万GB
重庆,500000000000,2023,互联网主要指标发展情况,互联网宽带接入用户 (万户),1552.8,万户
重庆,500000000000,2023,互联网主要指标发展情况,移动互联网用户 (万户),3686.10,万户
重庆,500000000000,2023,互联网主要指标发展情况,移动互联网接入流量 (万GB),736887.70,万GB
重庆,500000000000,2022,互联网主要指标发展情况,互联网宽带接入用户 (万户),1461.5,万户
重庆,500000000000,2022,互联网主要指标发展情况,移动互联网用户 (万户),3448.03,万户
重庆,500000000000,2022,互联网主要指标发展情况,移动互联网接入流量 (万GB),645971.71,万GB
重庆,500000000000,2021,互联网主要指标发展情况,互联网宽带接入用户 (万户),1338.5,万户
重庆,500000000000,2021,互联网主要指标发展情况,移动互联网用户 (万户),3288.50,万户
重庆,500000000000,2021,互联网主要指标发展情况,移动互联网接入流量 (万GB),543353.62,万GB
重庆,500000000000,2020,互联网主要指标发展情况,互联网宽带接入用户 (万户),1228.4,万户
重庆,500000000000,2020,互联网主要指标发展情况,移动互联网用户 (万户),3117.18,万户
重庆,500000000000,2020,互联网主要指标发展情况,移动互联网接入流量 (万GB),383996.86,万GB
重庆,500000000000,2019,互联网主要指标发展情况,互联网宽带接入用户 (万户),1164.0,万户
重庆,500000000000,2019,互联网主要指标发展情况,移动互联网用户 (万户),3016.09,万户
重庆,500000000000,2019,互联网主要指标发展情况,移动互联网接入流量 (万GB),300096.63,万GB
重庆,500000000000,2018,互联网主要指标发展情况,互联网宽带接入用户 (万户),1070.1,万户
重庆,500000000000,2018,互联网主要指标发展情况,移动互联网用户 (万户),2862.24,万户
重庆,500000000000,2018,互联网主要指标发展情况,移动互联网接入流量 (万GB),169556.60,万GB
重庆,500000000000,2017,互联网主要指标发展情况,互联网宽带接入用户 (万户),866.9,万户
重庆,500000000000,2017,互联网主要指标发展情况,移动互联网用户 (万户),2831.58,万户
重庆,500000000000,2017,互联网主要指标发展情况,移动互联网接入流量 (万GB),54842.79,万GB
重庆,500000000000,2016,互联网主要指标发展情况,互联网宽带接入用户 (万户),704.7,万户
重庆,500000000000,2016,互联网主要指标发展情况,移动互联网用户 (万户),2556.02,万户
重庆,500000000000,2016,互联网主要指标发展情况,移动互联网接入流量 (万GB),21221.35,万GB
重庆,500000000000,2015,互联网主要指标发展情况,互联网宽带接入用户 (万户),602.7,万户
重庆,500000000000,2015,互联网主要指标发展情况,移动互联网用户 (万户),2288.23,万户
重庆,500000000000,2015,互联网主要指标发展情况,移动互联网接入流量 (万GB),8559.80,万GB
四川,510000000000,2024,互联网主要指标发展情况,互联网宽带接入用户 (万户),3941.4,万户
四川,510000000000,2024,互联网主要指标发展情况,移动互联网用户 (万户),9339.00,万户
四川,510000000000,2024,互联网主要指标发展情况,移动互联网接入流量 (万GB),2001039.91,万GB
四川,510000000000,2023,互联网主要指标发展情况,互联网宽带接入用户 (万户),3767.8,万户
四川,510000000000,2023,互联网主要指标发展情况,移动互联网用户 (万户),8843.10,万户
四川,510000000000,2023,互联网主要指标发展情况,移动互联网接入流量 (万GB),1739903.70,万GB
四川,510000000000,2022,互联网主要指标发展情况,互联网宽带接入用户 (万户),3566.1,万户
四川,510000000000,2022,互联网主要指标发展情况,移动互联网用户 (万户),8400.37,万户
四川,510000000000,2022,互联网主要指标发展情况,移动互联网接入流量 (万GB),1475416.64,万GB
四川,510000000000,2021,互联网主要指标发展情况,互联网宽带接入用户 (万户),3220.9,万户
四川,510000000000,2021,互联网主要指标发展情况,移动互联网用户 (万户),7990.76,万户
四川,510000000000,2021,互联网主要指标发展情况,移动互联网接入流量 (万GB),1256513.86,万GB
四川,510000000000,2020,互联网主要指标发展情况,互联网宽带接入用户 (万户),2975.5,万户
四川,510000000000,2020,互联网主要指标发展情况,移动互联网用户 (万户),7521.36,万户
四川,510000000000,2020,互联网主要指标发展情况,移动互联网接入流量 (万GB),900789.30,万GB
四川,510000000000,2019,互联网主要指标发展情况,互联网宽带接入用户 (万户),2811.7,万户
四川,510000000000,2019,互联网主要指标发展情况,移动互联网用户 (万户),7277.70,万户
四川,510000000000,2019,互联网主要指标发展情况,移动互联网接入流量 (万GB),584026.21,万GB
四川,510000000000,2018,互联网主要指标发展情况,互联网宽带接入用户 (万户),2624.5,万户
四川,510000000000,2018,互联网主要指标发展情况,移动互联网用户 (万户),7332.03,万户
四川,510000000000,2018,互联网主要指标发展情况,移动互联网接入流量 (万GB),355855.90,万GB
四川,510000000000,2017,互联网主要指标发展情况,互联网宽带接入用户 (万户),2167.5,万户
四川,510000000000,2017,互联网主要指标发展情况,移动互联网用户 (万户),6898.54,万户
四川,510000000000,2017,互联网主要指标发展情况,移动互联网接入流量 (万GB),103502.45,万GB
四川,510000000000,2016,互联网主要指标发展情况,互联网宽带接入用户 (万户),1851.2,万户
四川,510000000000,2016,互联网主要指标发展情况,移动互联网用户 (万户),6358.42,万户
四川,510000000000,2016,互联网主要指标发展情况,移动互联网接入流量 (万GB),36177.57,万GB
四川,510000000000,2015,互联网主要指标发展情况,互联网宽带接入用户 (万户),1424.0,万户
四川,510000000000,2015,互联网主要指标发展情况,移动互联网用户 (万户),5476.61,万户
四川,510000000000,2015,互联网主要指标发展情况,移动互联网接入流量 (万GB),17636.35,万GB
贵州,520000000000,2024,互联网主要指标发展情况,互联网宽带接入用户 (万户),1701.1,万户
贵州,520000000000,2024,互联网主要指标发展情况,移动互联网用户 (万户),4357.50,万户
贵州,520000000000,2024,互联网主要指标发展情况,移动互联网接入流量 (万GB),1058163.01,万GB
贵州,520000000000,2023,互联网主要指标发展情况,互联网宽带接入用户 (万户),1568.3,万户
贵州,520000000000,2023,互联网主要指标发展情况,移动互联网用户 (万户),4167.20,万户
贵州,520000000000,2023,互联网主要指标发展情况,移动互联网接入流量 (万GB),954356.90,万GB
贵州,520000000000,2022,互联网主要指标发展情况,互联网宽带接入用户 (万户),1384.1,万户
贵州,520000000000,2022,互联网主要指标发展情况,移动互联网用户 (万户),4013.17,万户
贵州,520000000000,2022,互联网主要指标发展情况,移动互联网接入流量 (万GB),884710.20,万GB
贵州,520000000000,2021,互联网主要指标发展情况,互联网宽带接入用户 (万户),1187.4,万户
贵州,520000000000,2021,互联网主要指标发展情况,移动互联网用户 (万户),3811.02,万户
贵州,520000000000,2021,互联网主要指标发展情况,移动互联网接入流量 (万GB),739174.82,万GB
贵州,520000000000,2020,互联网主要指标发展情况,互联网宽带接入用户 (万户),1002.4,万户
贵州,520000000000,2020,互联网主要指标发展情况,移动互联网用户 (万户),3597.39,万户
贵州,520000000000,2020,互联网主要指标发展情况,移动互联网接入流量 (万GB),638806.96,万GB
贵州,520000000000,2019,互联网主要指标发展情况,互联网宽带接入用户 (万户),892.9,万户
贵州,520000000000,2019,互联网主要指标发展情况,移动互联网用户 (万户),3520.08,万户
贵州,520000000000,2019,互联网主要指标发展情况,移动互联网接入流量 (万GB),461004.41,万GB
贵州,520000000000,2018,互联网主要指标发展情况,互联网宽带接入用户 (万户),732.0,万户
贵州,520000000000,2018,互联网主要指标发展情况,移动互联网用户 (万户),3323.10,万户
贵州,520000000000,2018,互联网主要指标发展情况,移动互联网接入流量 (万GB),250673.17,万GB
贵州,520000000000,2017,互联网主要指标发展情况,互联网宽带接入用户 (万户),568.6,万户
贵州,520000000000,2017,互联网主要指标发展情况,移动互联网用户 (万户),2938.47,万户
贵州,520000000000,2017,互联网主要指标发展情况,移动互联网接入流量 (万GB),84612.30,万GB
贵州,520000000000,2016,互联网主要指标发展情况,互联网宽带接入用户 (万户),459.4,万户
贵州,520000000000,2016,互联网主要指标发展情况,移动互联网用户 (万户),2528.71,万户
贵州,520000000000,2016,互联网主要指标发展情况,移动互联网接入流量 (万GB),20948.91,万GB
贵州,520000000000,2015,互联网主要指标发展情况,互联网宽带接入用户 (万户),386.8,万户
贵州,520000000000,2015,互联网主要指标发展情况,移动互联网用户 (万户),2212.34,万户
贵州,520000000000,2015,互联网主要指标发展情况,移动互联网接入流量 (万GB),8488.05,万GB
云南,530000000000,2024,互联网主要指标发展情况,互联网宽带接入用户 (万户),1904.4,万户
云南,530000000000,2024,互联网主要指标发展情况,移动互联网用户 (万户),4640.30,万户
云南,530000000000,2024,互联网主要指标发展情况,移动互联网接入流量 (万GB),1217485.74,万GB
云南,530000000000,2023,互联网主要指标发展情况,互联网宽带接入用户 (万户),1778.3,万户
云南,530000000000,2023,互联网主要指标发展情况,移动互联网用户 (万户),4497.40,万户
云南,530000000000,2023,互联网主要指标发展情况,移动互联网接入流量 (万GB),1118034.50,万GB
云南,530000000000,2022,互联网主要指标发展情况,互联网宽带接入用户 (万户),1627.2,万户
云南,530000000000,2022,互联网主要指标发展情况,移动互联网用户 (万户),4275.14,万户
云南,530000000000,2022,互联网主要指标发展情况,移动互联网接入流量 (万GB),1022190.66,万GB
云南,530000000000,2021,互联网主要指标发展情况,互联网宽带接入用户 (万户),1451.9,万户
云南,530000000000,2021,互联网主要指标发展情况,移动互联网用户 (万户),4063.24,万户
云南,530000000000,2021,互联网主要指标发展情况,移动互联网接入流量 (万GB),899984.87,万GB
云南,530000000000,2020,互联网主要指标发展情况,互联网宽带接入用户 (万户),1278.1,万户
云南,530000000000,2020,互联网主要指标发展情况,移动互联网用户 (万户),3945.40,万户
云南,530000000000,2020,互联网主要指标发展情况,移动互联网接入流量 (万GB),712404.12,万GB
云南,530000000000,2019,互联网主要指标发展情况,互联网宽带接入用户 (万户),1156.1,万户
云南,530000000000,2019,互联网主要指标发展情况,移动互联网用户 (万户),3829.35,万户
云南,530000000000,2019,互联网主要指标发展情况,移动互联网接入流量 (万GB),493657.56,万GB
云南,530000000000,2018,互联网主要指标发展情况,互联网宽带接入用户 (万户),1019.4,万户
云南,530000000000,2018,互联网主要指标发展情况,移动互联网用户 (万户),3918.88,万户
云南,530000000000,2018,互联网主要指标发展情况,移动互联网接入流量 (万GB),280875.09,万GB
云南,530000000000,2017,互联网主要指标发展情况,互联网宽带接入用户 (万户),812.6,万户
云南,530000000000,2017,互联网主要指标发展情况,移动互联网用户 (万户),3680.47,万户
云南,530000000000,2017,互联网主要指标发展情况,移动互联网接入流量 (万GB),116314.69,万GB
云南,530000000000,2016,互联网主要指标发展情况,互联网宽带接入用户 (万户),655.3,万户
云南,530000000000,2016,互联网主要指标发展情况,移动互联网用户 (万户),3302.06,万户
云南,530000000000,2016,互联网主要指标发展情况,移动互联网接入流量 (万GB),36456.98,万GB
云南,530000000000,2015,互联网主要指标发展情况,互联网宽带接入用户 (万户),537.3,万户
云南,530000000000,2015,互联网主要指标发展情况,移动互联网用户 (万户),2777.67,万户
云南,530000000000,2015,互联网主要指标发展情况,移动互联网接入流量 (万GB),16174.61,万GB
西藏,540000000000,2024,互联网主要指标发展情况,互联网宽带接入用户 (万户),159.2,万户
西藏,540000000000,2024,互联网主要指标发展情况,移动互联网用户 (万户),331.40,万户
西藏,540000000000,2024,互联网主要指标发展情况,移动互联网接入流量 (万GB),121743.36,万GB
西藏,540000000000,2023,互联网主要指标发展情况,互联网宽带接入用户 (万户),145.5,万户
西藏,540000000000,2023,互联网主要指标发展情况,移动互联网用户 (万户),317.80,万户
西藏,540000000000,2023,互联网主要指标发展情况,移动互联网接入流量 (万GB),99386.90,万GB
西藏,540000000000,2022,互联网主要指标发展情况,互联网宽带接入用户 (万户),130.3,万户
西藏,540000000000,2022,互联网主要指标发展情况,移动互联网用户 (万户),301.08,万户
西藏,540000000000,2022,互联网主要指标发展情况,移动互联网接入流量 (万GB),93875.35,万GB
西藏,540000000000,2021,互联网主要指标发展情况,互联网宽带接入用户 (万户),115.3,万户
西藏,540000000000,2021,互联网主要指标发展情况,移动互联网用户 (万户),299.80,万户
西藏,540000000000,2021,互联网主要指标发展情况,移动互联网接入流量 (万GB),77993.90,万GB
西藏,540000000000,2020,互联网主要指标发展情况,互联网宽带接入用户 (万户),96.3,万户
西藏,540000000000,2020,互联网主要指标发展情况,移动互联网用户 (万户),279.11,万户
西藏,540000000000,2020,互联网主要指标发展情况,移动互联网接入流量 (万GB),56444.15,万GB
西藏,540000000000,2019,互联网主要指标发展情况,互联网宽带接入用户 (万户),91.4,万户
西藏,540000000000,2019,互联网主要指标发展情况,移动互联网用户 (万户),267.34,万户
西藏,540000000000,2019,互联网主要指标发展情况,移动互联网接入流量 (万GB),34381.28,万GB
西藏,540000000000,2018,互联网主要指标发展情况,互联网宽带接入用户 (万户),78.2,万户
西藏,540000000000,2018,互联网主要指标发展情况,移动互联网用户 (万户),260.23,万户
西藏,540000000000,2018,互联网主要指标发展情况,移动互联网接入流量 (万GB),10618.37,万GB
西藏,540000000000,2017,互联网主要指标发展情况,互联网宽带接入用户 (万户),61.2,万户
西藏,540000000000,2017,互联网主要指标发展情况,移动互联网用户 (万户),198.67,万户
西藏,540000000000,2017,互联网主要指标发展情况,移动互联网接入流量 (万GB),2420.17,万GB
西藏,540000000000,2016,互联网主要指标发展情况,互联网宽带接入用户 (万户),40.2,万户
西藏,540000000000,2016,互联网主要指标发展情况,移动互联网用户 (万户),176.22,万户
西藏,540000000000,2016,互联网主要指标发展情况,移动互联网接入流量 (万GB),1149.19,万GB
西藏,540000000000,2015,互联网主要指标发展情况,互联网宽带接入用户 (万户),29.6,万户
西藏,540000000000,2015,互联网主要指标发展情况,移动互联网用户 (万户),162.35,万户
西藏,540000000000,2015,互联网主要指标发展情况,移动互联网接入流量 (万GB),738.21,万GB
陕西,610000000000,2024,互联网主要指标发展情况,互联网宽带接入用户 (万户),2029.0,万户
陕西,610000000000,2024,互联网主要指标发展情况,移动互联网用户 (万户),4483.00,万户
陕西,610000000000,2024,互联网主要指标发展情况,移动互联网接入流量 (万GB),988281.45,万GB
陕西,610000000000,2023,互联网主要指标发展情况,互联网宽带接入用户 (万户),1921.3,万户
陕西,610000000000,2023,互联网主要指标发展情况,移动互联网用户 (万户),4346.50,万户
陕西,610000000000,2023,互联网主要指标发展情况,移动互联网接入流量 (万GB),876588.30,万GB
陕西,610000000000,2022,互联网主要指标发展情况,互联网宽带接入用户 (万户),1760.5,万户
陕西,610000000000,2022,互联网主要指标发展情况,移动互联网用户 (万户),4167.23,万户
陕西,610000000000,2022,互联网主要指标发展情况,移动互联网接入流量 (万GB),772196.92,万GB
陕西,610000000000,2021,互联网主要指标发展情况,互联网宽带接入用户 (万户),1567.4,万户
陕西,610000000000,2021,互联网主要指标发展情况,移动互联网用户 (万户),4115.16,万户
陕西,610000000000,2021,互联网主要指标发展情况,移动互联网接入流量 (万GB),619301.93,万GB
陕西,610000000000,2020,互联网主要指标发展情况,互联网宽带接入用户 (万户),1369.0,万户
陕西,610000000000,2020,互联网主要指标发展情况,移动互联网用户 (万户),3876.23,万户
陕西,610000000000,2020,互联网主要指标发展情况,移动互联网接入流量 (万GB),516736.85,万GB
陕西,610000000000,2019,互联网主要指标发展情况,互联网宽带接入用户 (万户),1197.7,万户
陕西,610000000000,2019,互联网主要指标发展情况,移动互联网用户 (万户),3839.85,万户
陕西,610000000000,2019,互联网主要指标发展情况,移动互联网接入流量 (万GB),393245.71,万GB
陕西,610000000000,2018,互联网主要指标发展情况,互联网宽带接入用户 (万户),1057.4,万户
陕西,610000000000,2018,互联网主要指标发展情况,移动互联网用户 (万户),3726.81,万户
陕西,610000000000,2018,互联网主要指标发展情况,移动互联网接入流量 (万GB),248683.22,万GB
陕西,610000000000,2017,互联网主要指标发展情况,互联网宽带接入用户 (万户),903.2,万户
陕西,610000000000,2017,互联网主要指标发展情况,移动互联网用户 (万户),3668.28,万户
陕西,610000000000,2017,互联网主要指标发展情况,移动互联网接入流量 (万GB),78748.91,万GB
陕西,610000000000,2016,互联网主要指标发展情况,互联网宽带接入用户 (万户),803.0,万户
陕西,610000000000,2016,互联网主要指标发展情况,移动互联网用户 (万户),3384.76,万户
陕西,610000000000,2016,互联网主要指标发展情况,移动互联网接入流量 (万GB),30607.38,万GB
陕西,610000000000,2015,互联网主要指标发展情况,互联网宽带接入用户 (万户),689.9,万户
陕西,610000000000,2015,互联网主要指标发展情况,移动互联网用户 (万户),2780.52,万户
陕西,610000000000,2015,互联网主要指标发展情况,移动互联网接入流量 (万GB),13994.69,万GB
甘肃,620000000000,2024,互联网主要指标发展情况,互联网宽带接入用户 (万户),1252.8,万户
甘肃,620000000000,2024,互联网主要指标发展情况,移动互联网用户 (万户),2637.10,万户
甘肃,620000000000,2024,互联网主要指标发展情况,移动互联网接入流量 (万GB),560582.04,万GB
甘肃,620000000000,2023,互联网主要指标发展情况,互联网宽带接入用户 (万户),1186.7,万户
甘肃,620000000000,2023,互联网主要指标发展情况,移动互联网用户 (万户),2613.30,万户
甘肃,620000000000,2023,互联网主要指标发展情况,移动互联网接入流量 (万GB),522490.10,万GB
甘肃,620000000000,2022,互联网主要指标发展情况,互联网宽带接入用户 (万户),1092.7,万户
甘肃,620000000000,2022,互联网主要指标发展情况,移动互联网用户 (万户),2483.32,万户
甘肃,620000000000,2022,互联网主要指标发展情况,移动互联网接入流量 (万GB),477928.19,万GB
甘肃,620000000000,2021,互联网主要指标发展情况,互联网宽带接入用户 (万户),1025.2,万户
甘肃,620000000000,2021,互联网主要指标发展情况,移动互联网用户 (万户),2434.24,万户
甘肃,620000000000,2021,互联网主要指标发展情况,移动互联网接入流量 (万GB),420575.62,万GB
甘肃,620000000000,2020,互联网主要指标发展情况,互联网宽带接入用户 (万户),931.4,万户
甘肃,620000000000,2020,互联网主要指标发展情况,移动互联网用户 (万户),2298.62,万户
甘肃,620000000000,2020,互联网主要指标发展情况,移动互联网接入流量 (万GB),319035.20,万GB
甘肃,620000000000,2019,互联网主要指标发展情况,互联网宽带接入用户 (万户),870.7,万户
甘肃,620000000000,2019,互联网主要指标发展情况,移动互联网用户 (万户),2323.06,万户
甘肃,620000000000,2019,互联网主要指标发展情况,移动互联网接入流量 (万GB),227042.87,万GB
甘肃,620000000000,2018,互联网主要指标发展情况,互联网宽带接入用户 (万户),742.8,万户
甘肃,620000000000,2018,互联网主要指标发展情况,移动互联网用户 (万户),2210.61,万户
甘肃,620000000000,2018,互联网主要指标发展情况,移动互联网接入流量 (万GB),131267.34,万GB
甘肃,620000000000,2017,互联网主要指标发展情况,互联网宽带接入用户 (万户),576.4,万户
甘肃,620000000000,2017,互联网主要指标发展情况,移动互联网用户 (万户),2034.10,万户
甘肃,620000000000,2017,互联网主要指标发展情况,移动互联网接入流量 (万GB),40620.52,万GB
甘肃,620000000000,2016,互联网主要指标发展情况,互联网宽带接入用户 (万户),392.9,万户
甘肃,620000000000,2016,互联网主要指标发展情况,移动互联网用户 (万户),1804.94,万户
甘肃,620000000000,2016,互联网主要指标发展情况,移动互联网接入流量 (万GB),12391.13,万GB
甘肃,620000000000,2015,互联网主要指标发展情况,互联网宽带接入用户 (万户),302.7,万户
甘肃,620000000000,2015,互联网主要指标发展情况,移动互联网用户 (万户),1598.81,万户
甘肃,620000000000,2015,互联网主要指标发展情况,移动互联网接入流量 (万GB),5783.20,万GB
青海,630000000000,2024,互联网主要指标发展情况,互联网宽带接入用户 (万户),308.6,万户
青海,630000000000,2024,互联网主要指标发展情况,移动互联网用户 (万户),708.50,万户
青海,630000000000,2024,互联网主要指标发展情况,移动互联网接入流量 (万GB),244708.16,万GB
青海,630000000000,2023,互联网主要指标发展情况,互联网宽带接入用户 (万户),290.6,万户
青海,630000000000,2023,互联网主要指标发展情况,移动互联网用户 (万户),686.20,万户
青海,630000000000,2023,互联网主要指标发展情况,移动互联网接入流量 (万GB),202283.80,万GB
青海,630000000000,2022,互联网主要指标发展情况,互联网宽带接入用户 (万户),249.7,万户
青海,630000000000,2022,互联网主要指标发展情况,移动互联网用户 (万户),650.09,万户
青海,630000000000,2022,互联网主要指标发展情况,移动互联网接入流量 (万GB),175508.72,万GB
青海,630000000000,2021,互联网主要指标发展情况,互联网宽带接入用户 (万户),209.4,万户
青海,630000000000,2021,互联网主要指标发展情况,移动互联网用户 (万户),609.07,万户
青海,630000000000,2021,互联网主要指标发展情况,移动互联网接入流量 (万GB),136049.79,万GB
青海,630000000000,2020,互联网主要指标发展情况,互联网宽带接入用户 (万户),182.0,万户
青海,630000000000,2020,互联网主要指标发展情况,移动互联网用户 (万户),581.12,万户
青海,630000000000,2020,互联网主要指标发展情况,移动互联网接入流量 (万GB),105268.74,万GB
青海,630000000000,2019,互联网主要指标发展情况,互联网宽带接入用户 (万户),174.5,万户
青海,630000000000,2019,互联网主要指标发展情况,移动互联网用户 (万户),564.67,万户
青海,630000000000,2019,互联网主要指标发展情况,移动互联网接入流量 (万GB),76145.67,万GB
青海,630000000000,2018,互联网主要指标发展情况,互联网宽带接入用户 (万户),152.9,万户
青海,630000000000,2018,互联网主要指标发展情况,移动互联网用户 (万户),558.97,万户
青海,630000000000,2018,互联网主要指标发展情况,移动互联网接入流量 (万GB),49550.67,万GB
青海,630000000000,2017,互联网主要指标发展情况,互联网宽带接入用户 (万户),120.1,万户
青海,630000000000,2017,互联网主要指标发展情况,移动互联网用户 (万户),533.29,万户
青海,630000000000,2017,互联网主要指标发展情况,移动互联网接入流量 (万GB),17331.38,万GB
青海,630000000000,2016,互联网主要指标发展情况,互联网宽带接入用户 (万户),99.7,万户
青海,630000000000,2016,互联网主要指标发展情况,移动互联网用户 (万户),434.57,万户
青海,630000000000,2016,互联网主要指标发展情况,移动互联网接入流量 (万GB),5022.95,万GB
青海,630000000000,2015,互联网主要指标发展情况,互联网宽带接入用户 (万户),82.3,万户
青海,630000000000,2015,互联网主要指标发展情况,移动互联网用户 (万户),394.04,万户
青海,630000000000,2015,互联网主要指标发展情况,移动互联网接入流量 (万GB),2237.41,万GB
宁夏,640000000000,2024,互联网主要指标发展情况,互联网宽带接入用户 (万户),387.4,万户
宁夏,640000000000,2024,互联网主要指标发展情况,移动互联网用户 (万户),849.10,万户
宁夏,640000000000,2024,互联网主要指标发展情况,移动互联网接入流量 (万GB),251599.59,万GB
宁夏,640000000000,2023,互联网主要指标发展情况,互联网宽带接入用户 (万户),373.0,万户
宁夏,640000000000,2023,互联网主要指标发展情况,移动互联网用户 (万户),819.10,万户
宁夏,640000000000,2023,互联网主要指标发展情况,移动互联网接入流量 (万GB),208706.40,万GB
宁夏,640000000000,2022,互联网主要指标发展情况,互联网宽带接入用户 (万户),349.4,万户
宁夏,640000000000,2022,互联网主要指标发展情况,移动互联网用户 (万户),787.92,万户
宁夏,640000000000,2022,互联网主要指标发展情况,移动互联网接入流量 (万GB),180398.80,万GB
宁夏,640000000000,2021,互联网主要指标发展情况,互联网宽带接入用户 (万户),317.1,万户
宁夏,640000000000,2021,互联网主要指标发展情况,移动互联网用户 (万户),750.82,万户
宁夏,640000000000,2021,互联网主要指标发展情况,移动互联网接入流量 (万GB),149178.03,万GB
宁夏,640000000000,2020,互联网主要指标发展情况,互联网宽带接入用户 (万户),283.6,万户
宁夏,640000000000,2020,互联网主要指标发展情况,移动互联网用户 (万户),712.71,万户
宁夏,640000000000,2020,互联网主要指标发展情况,移动互联网接入流量 (万GB),115767.21,万GB
宁夏,640000000000,2019,互联网主要指标发展情况,互联网宽带接入用户 (万户),259.1,万户
宁夏,640000000000,2019,互联网主要指标发展情况,移动互联网用户 (万户),685.74,万户
宁夏,640000000000,2019,互联网主要指标发展情况,移动互联网接入流量 (万GB),87474.59,万GB
宁夏,640000000000,2018,互联网主要指标发展情况,互联网宽带接入用户 (万户),217.0,万户
宁夏,640000000000,2018,互联网主要指标发展情况,移动互联网用户 (万户),694.61,万户
宁夏,640000000000,2018,互联网主要指标发展情况,移动互联网接入流量 (万GB),52402.89,万GB
宁夏,640000000000,2017,互联网主要指标发展情况,互联网宽带接入用户 (万户),159.2,万户
宁夏,640000000000,2017,互联网主要指标发展情况,移动互联网用户 (万户),682.53,万户
宁夏,640000000000,2017,互联网主要指标发展情况,移动互联网接入流量 (万GB),20823.35,万GB
宁夏,640000000000,2016,互联网主要指标发展情况,互联网宽带接入用户 (万户),111.9,万户
宁夏,640000000000,2016,互联网主要指标发展情况,移动互联网用户 (万户),602.14,万户
宁夏,640000000000,2016,互联网主要指标发展情况,移动互联网接入流量 (万GB),7129.98,万GB
宁夏,640000000000,2015,互联网主要指标发展情况,互联网宽带接入用户 (万户),92.5,万户
宁夏,640000000000,2015,互联网主要指标发展情况,移动互联网用户 (万户),534.88,万户
宁夏,640000000000,2015,互联网主要指标发展情况,移动互联网接入流量 (万GB),2743.12,万GB
新疆,650000000000,2024,互联网主要指标发展情况,互联网宽带接入用户 (万户),1351.6,万户
新疆,650000000000,2024,互联网主要指标发展情况,移动互联网用户 (万户),2647.60,万户
新疆,650000000000,2024,互联网主要指标发展情况,移动互联网接入流量 (万GB),788648.70,万GB
新疆,650000000000,2023,互联网主要指标发展情况,互联网宽带接入用户 (万户),1288.3,万户
新疆,650000000000,2023,互联网主要指标发展情况,移动互联网用户 (万户),2606.40,万户
新疆,650000000000,2023,互联网主要指标发展情况,移动互联网接入流量 (万GB),665475.20,万GB
新疆,650000000000,2022,互联网主要指标发展情况,互联网宽带接入用户 (万户),1174.8,万户
新疆,650000000000,2022,互联网主要指标发展情况,移动互联网用户 (万户),2435.38,万户
新疆,650000000000,2022,互联网主要指标发展情况,移动互联网接入流量 (万GB),604287.28,万GB
新疆,650000000000,2021,互联网主要指标发展情况,互联网宽带接入用户 (万户),1064.2,万户
新疆,650000000000,2021,互联网主要指标发展情况,移动互联网用户 (万户),2464.30,万户
新疆,650000000000,2021,互联网主要指标发展情况,移动互联网接入流量 (万GB),509038.64,万GB
新疆,650000000000,2020,互联网主要指标发展情况,互联网宽带接入用户 (万户),883.9,万户
新疆,650000000000,2020,互联网主要指标发展情况,移动互联网用户 (万户),2359.17,万户
新疆,650000000000,2020,互联网主要指标发展情况,移动互联网接入流量 (万GB),372772.69,万GB
新疆,650000000000,2019,互联网主要指标发展情况,互联网宽带接入用户 (万户),775.9,万户
新疆,650000000000,2019,互联网主要指标发展情况,移动互联网用户 (万户),2138.19,万户
新疆,650000000000,2019,互联网主要指标发展情况,移动互联网接入流量 (万GB),225500.77,万GB
新疆,650000000000,2018,互联网主要指标发展情况,互联网宽带接入用户 (万户),647.3,万户
新疆,650000000000,2018,互联网主要指标发展情况,移动互联网用户 (万户),1992.49,万户
新疆,650000000000,2018,互联网主要指标发展情况,移动互联网接入流量 (万GB),84724.50,万GB
新疆,650000000000,2017,互联网主要指标发展情况,互联网宽带接入用户 (万户),569.9,万户
新疆,650000000000,2017,互联网主要指标发展情况,移动互联网用户 (万户),1855.84,万户
新疆,650000000000,2017,互联网主要指标发展情况,移动互联网接入流量 (万GB),21999.43,万GB
新疆,650000000000,2016,互联网主要指标发展情况,互联网宽带接入用户 (万户),468.4,万户
新疆,650000000000,2016,互联网主要指标发展情况,移动互联网用户 (万户),1633.55,万户
新疆,650000000000,2016,互联网主要指标发展情况,移动互联网接入流量 (万GB),12148.49,万GB
新疆,650000000000,2015,互联网主要指标发展情况,互联网宽带接入用户 (万户),409.5,万户
新疆,650000000000,2015,互联网主要指标发展情况,移动互联网用户 (万户),1499.36,万户
新疆,650000000000,2015,互联网主要指标发展情况,移动互联网接入流量 (万GB),5565.19,万GB
